idCrime,dataCrime,numeroArtigo,lugarCrime,descricaoCrime,marcaCelular
445,15/12/2018,155,SAO PAULO,FURTO (ART. 155) - OUTROS,SAMSUNG
63,30/11/2018,155,,FURTO (ART. 155) - OUTROS,MOTOROLA
499,26/01/2019,155,SAO PAULO,FURTO (ART. 155) - ESTABELECIMENTO COMERCIAL,LG
1390,03/01/2021,157,SANTOS,ROUBO (ART. 157) - OUTROS,APPLE
1190,28/11/2021,155,ITAPEVI,FURTO (ART. 155) - OUTROS,SAMSUNG
1309,12/01/2021,155,SAO PAULO,FURTO (ART. 155) - OUTROS,LG
401,31/01/2019,155,SAO PAULO,FURTO (ART. 155) - OUTROS,MOTOROLA
1499,28/02/2021,157,PINDAMONHANGABA,ROUBO (ART. 157) - TRANSEUNTE,SAMSUNG
281,30/04/2018,157,SAO PAULO,,MOTOROLA
1025,20/08/2020,155,SANTA ISABEL,FURTO (ART. 155) - OUTROS,MOTOROLA
991,31/08/2020,155,GUARULHOS,FURTO (ART. 155) - OUTROS,SAMSUNG
893,31/12/2019,157,SAO PAULO,ROUBO (ART. 157) - TRANSEUNTE,SAMSUNG
758,31/08/2019,157,SAO PAULO,ROUBO (ART. 157) - OUTROS,LG
666,29/08/2019,157,SAO PAULO,ROUBO (ART. 157) - TRANSEUNTE,SAMSUNG
731,31/08/2019,157,SOROCABA,ROUBO (ART. 157) - OUTROS,
517,27/01/2019,155,FRANCO DA ROCHA,FURTO (ART. 155) - RESIDENCIA,MOTOROLA
598,29/08/2019,157,SAO PAULO,ROUBO (ART. 157) - OUTROS,MOTOROLA
396,31/01/2018,155,SAO PAULO,FURTO (ART. 155) - OUTROS,SAMSUNG
775,31/12/2019,157,SAO PAULO,ROUBO (ART. 157) - OUTROS,SAMSUNG
155,30/11/2018,155,SAO PAULO,FURTO (ART. 155) - OUTROS,
1080,29/08/2020,155,TABOAO DA SERRA,FURTO (ART. 155) - INTERIOR ESTABELECIMENTO,
761,09/01/2019,157,SAO PAULO,ROUBO (ART. 157) - OUTROS,SAMSUNG
1001,30/08/2020,155,PRAIA GRANDE,FURTO (ART. 155) - OUTROS,SAMSUNG
734,09/01/2019,157,SAO PAULO,ROUBO (ART. 157) - TRANSEUNTE,
680,09/01/2019,,,ROUBO (ART. 157) - INTERIOR DE VEICULO,SAMSUNG
1265,28/11/2021,155,SAO PAULO,FURTO (ART. 155) - OUTROS,APPLE
279,30/04/2018,157,SAO PAULO,,ASUS
90,19/11/2018,155,SAO PAULO,,LG
183,30/11/2018,,ITU,FURTO (ART. 155) - OUTROS,MOTOROLA
1301,12/01/2021,155,GUARULHOS,FURTO (ART. 155) - OUTROS,APPLE
1408,26/02/2021,157,SAO PAULO,ROUBO (ART. 157) - ESTABELECIMENTO COMERCIAL,MOTOROLA
300,30/04/2018,157,SAO PAULO,,SAMSUNG
613,31/07/2019,157,CARAPICUIBA,ROUBO (ART. 157) - OUTROS,MOTOROLA
1100,29/08/2020,155,ITANHAEM,FURTO (ART. 155) - INTERIOR ESTABELECIMENTO,MOTOROLA
327,29/04/2018,157,SAO PAULO,ROUBO (ART. 157) - VEICULO,MOTOROLA
211,30/04/2018,,SAO PAULO,ROUBO (ART. 157) - VEICULO,APPLE
583,30/08/2019,157,OSASCO,ROUBO (ART. 157) - OUTROS,SAMSUNG
1188,27/11/2021,155,SAO PAULO,FURTO (ART. 155) - OUTROS,MOTOROLA
781,31/12/2019,157,,,MOTOROLA
579,31/08/2019,157,SAO BERNARDO DO CAMPO,ROUBO (ART. 157) - VEICULO,SAMSUNG
1076,29/08/2020,155,RIBEIRAO PRETO,FURTO (ART. 155) - OUTROS,SAMSUNG
697,31/08/2019,,,ROUBO (ART. 157) - APLICATIVO DE MOBILIDADE URBANA,SAMSUNG
1407,28/02/2021,157,DIADEMA,ROUBO (ART. 157) - VEICULO,SAMSUNG
7,30/11/2018,155,GUARULHOS,FURTO (ART. 155) - OUTROS,APPLE
586,31/08/2019,157,SAO PAULO,ROUBO (ART. 157) - OUTROS,SAMSUNG
690,31/08/2019,,,ROUBO (ART. 157) - OUTROS,SAMSUNG
140,30/11/2018,155,SAO PAULO,FURTO (ART. 155) - COLETIVO,
1018,08/04/2020,155,SAO PAULO,FURTO (ART. 155) - OUTROS,SAMSUNG
58,30/11/2014,155,,FURTO (ART. 155) - OUTROS,MOTOROLA
1221,28/11/2021,155,JAGUARIUNA,FURTO (ART. 155) - OUTROS,SAMSUNG
1388,28/02/2021,157,RIBEIRAO PRETO,ROUBO (ART. 157) - OUTROS,SAMSUNG
978,28/08/2020,155,SAO PAULO,FURTO (ART. 155) - OUTROS,SAMSUNG
575,31/01/2019,155,GUARULHOS,FURTO QUALIFICADO (ART. 155) - INTERIOR ESTABELECIMENTO,SAMSUNG
187,30/11/2018,,SAO PAULO,FURTO QUALIFICADO (ART. 155) - INTERIOR DE VEICULO,APPLE
670,31/08/2019,157,SAO PAULO,ROUBO (ART. 157) - INTERIOR DE VEICULO,MOTOROLA
1465,02/03/2021,157,CARAPICUIBA,ROUBO (ART. 157) - TRANSEUNTE,XIAOMI
585,28/08/2019,157,SOROCABA,ROUBO (ART. 157) - OUTROS,SAMSUNG
1495,25/02/2021,157,SAO PAULO,ROUBO (ART. 157) - VEICULO,LG
1007,31/08/2020,155,SAO PAULO,FURTO (ART. 155) - ESTABELECIMENTO-OUTROS,APPLE
994,31/08/2020,155,SAO PAULO,FURTO (ART. 155) - OUTROS,SAMSUNG
702,31/08/2019,157,SAO PAULO,ROUBO (ART. 157) - TRANSEUNTE,MOTOROLA
835,01/01/2020,,,,
1441,28/02/2021,157,SAO PAULO,ROUBO (ART. 157) - OUTROS,APPLE
214,30/04/2018,,SAO PAULO,A.I.-ROUBO (ART. 157) - VEICULO,SAMSUNG
995,31/08/2020,155,SAO PAULO,FURTO (ART. 155) - OUTROS,SAMSUNG
1255,11/06/2021,155,SAO PAULO,FURTO (ART. 155) - OUTROS,SAMSUNG
1423,03/01/2021,157,SAO BERNARDO DO CAMPO,ROUBO (ART. 157) - OUTROS,OUTROS
298,30/04/2018,157,TABOAO DA SERRA,,MOTOROLA
10,30/11/2018,155,PIRAJUI,FURTO (ART. 155) - TRANSEUNTE,SAMSUNG
1225,29/11/2021,155,RIBEIRAO PRETO,FURTO (ART. 155) - OUTROS,MOTOROLA
123,15/10/2018,155,SOROCABA,,LG
548,31/01/2019,155,SANTO ANTONIO DA ALEGRIA,FURTO QUALIFICADO (ART. 155) - RESIDENCIA,LG
756,31/08/2019,157,SAO PEDRO,ROUBO (ART. 157) - RESIDENCIA,MOTOROLA
1322,30/11/2021,,,,XIAOMI
363,30/04/2018,157,CAMPINAS,ROUBO (ART. 157) - INTERIOR ESTABELECIMENTO,SAMSUNG
929,31/12/2019,157,SAO PAULO,ROUBO (ART. 157) - OUTROS,XIAOMI
1385,28/02/2021,157,SAO PAULO,ROUBO (ART. 157) - OUTROS,SAMSUNG
879,01/01/2020,157,SAO PAULO,ROUBO (ART. 157) - TRANSEUNTE,SAMSUNG
249,30/04/2018,157,SAO JOSE DOS CAMPOS,,MOTOROLA
29,30/11/2018,155,SAO PAULO,FURTO (ART. 155) - OUTROS,MOTOROLA
213,28/04/2018,,ITAQUAQUECETUBA,ROUBO (ART. 157) - INTERIOR DE VEICULO,SAMSUNG
11,30/11/2018,157,PIRAJUI,ROUBO (ART. 157) - TRANSEUNTE,MOTOROLA
1108,28/08/2020,155,SAO PAULO,FURTO (ART. 155) - OUTROS,MOTOROLA
560,31/01/2019,171,SAO PAULO,ESTELIONATO (ART. 171),
251,30/04/2018,157,SAO PAULO,,MOTOROLA
192,30/11/2018,,SAO PAULO,FURTO (ART. 155) - OUTROS,APPLE
633,31/08/2019,157,SAO PAULO,ROUBO (ART. 157) - OUTROS,SAMSUNG
1153,26/11/2021,155,SAO PAULO,FURTO (ART. 155) - TRANSEUNTE,XIAOMI
877,31/12/2019,157,SUZANO,ROUBO (ART. 157) - VEICULO,SAMSUNG
70,30/11/2018,155,,,MOTOROLA
1271,12/01/2021,155,SAO PAULO,FURTO (ART. 155) - OUTROS,SAMSUNG
415,31/01/2019,155,JANDIRA,FURTO (ART. 155) - OUTROS,SAMSUNG
843,01/01/2020,,,,
347,05/01/2018,157,SAO PAULO,ROUBO (ART. 157) - VEICULO,SAMSUNG
32,30/11/2018,155,SANTO ANDRE,FURTO (ART. 155) - OUTROS,SAMSUNG
277,05/01/2018,157,SOROCABA,,SAMSUNG
439,31/01/2019,155,SAO PAULO,FURTO (ART. 155) - OUTROS,SAMSUNG
470,02/01/2019,155,SAO JOSE DO RIO PRETO,FURTO (ART. 155) - OUTROS,MOTOROLA
226,30/04/2018,,,,
868,01/01/2020,157,SAO PAULO,ROUBO (ART. 157) - OUTROS,MOTOROLA
921,01/01/2020,157,SAO PAULO,ROUBO (ART. 157) - OUTROS,SAMSUNG
1078,31/08/2020,155,SAO PAULO,FURTO (ART. 155) - INTERIOR TRANSPORTE COLETIVO,SAMSUNG
424,31/01/2019,155,SAO PAULO,FURTO (ART. 155) - OUTROS,SAMSUNG
222,30/04/2018,,,,
1095,31/08/2020,155,PRESIDENTE PRUDENTE,FURTO (ART. 155) - OUTROS,MOTOROLA
1490,03/01/2021,157,SAO PAULO,ROUBO (ART. 157) - TRANSEUNTE,MOTOROLA
322,05/01/2018,157,SAO PAULO,ROUBO (ART. 157) - TRANSEUNTE,IPHONE
65,25/11/2018,155,,FURTO QUALIFICADO (ART. 155) - INTERIOR DE VEICULO,SAMSUNG
288,30/04/2018,157,SAO PAULO,,MOTOROLA
1486,28/02/2021,157,,,ASUS
1197,28/11/2010,155,SAO PAULO,FURTO (ART. 155) - OUTROS,APPLE
1370,28/11/2020,157,CAMPINAS,ROUBO (ART. 157) - OUTROS,OUTROS
1079,08/01/2020,155,SAO PAULO,FURTO (ART. 155) - TRANSEUNTE,
684,09/01/2019,,,ROUBO (ART. 157) - OUTROS,MOTOROLA
450,29/01/2019,155,SAO PAULO,FURTO (ART. 155) - OUTROS,SAMSUNG
242,30/04/2018,,,,
389,31/01/2019,155,SAO PAULO,FURTO (ART. 155) - OUTROS,APPLE
789,31/12/2019,157,SAO PAULO,ROUBO (ART. 157) - TRANSEUNTE,SAMSUNG
1144,29/08/2020,155,SAO PAULO,FURTO (ART. 155) - OUTROS,SAMSUNG
646,09/01/2019,157,MOGI DAS CRUZES,ROUBO (ART. 157) - TRANSEUNTE,LG
1130,23/06/2020,155,PONTAL,FURTO QUALIFICADO (ART. 155) - TRANSEUNTE,SAMSUNG
1268,27/11/2021,155,SAO PAULO,FURTO (ART. 155) - OUTROS,SAMSUNG
13,30/11/2018,157,PIRAJUI,ROUBO (ART. 157) - TRANSEUNTE,MOTOROLA
1237,30/11/2021,155,EMBU DAS ARTES,FURTO (ART. 155) - TRANSEUNTE,MOTOROLA
49,30/11/2018,155,,FURTO (ART. 155) - OUTROS,SAMSUNG
451,31/01/2019,155,SAO PAULO,FURTO (ART. 155) - OUTROS,MOTOROLA
611,31/08/2019,157,SAO PAULO,ROUBO (ART. 157) - OUTROS,SAMSUNG
830,01/01/2020,,,,
289,30/04/2018,157,SAO PAULO,,SAMSUNG
966,31/08/2020,155,FRANCO DA ROCHA,FURTO (ART. 155) - OUTROS,SAMSUNG
668,31/08/2019,157,DIADEMA,ROUBO (ART. 157) - OUTROS,MOTOROLA
1176,30/11/2021,155,SAO PAULO,FURTO (ART. 155) - OUTROS,APPLE
609,09/01/2019,157,SAO PAULO,ROUBO (ART. 157) - VEICULO,SAMSUNG
1164,30/11/2021,155,SAO PAULO,FURTO (ART. 155) - OUTROS,SAMSUNG
173,30/11/2018,,SAO PAULO,FURTO (ART. 155) - OUTROS,MOTOROLA
1444,28/02/2020,157,TABOAO DA SERRA,ROUBO (ART. 157) - OUTROS,SAMSUNG
926,01/01/2020,157,SAO PAULO,ROUBO (ART. 157) - INTERIOR DE VEICULO,SAMSUNG
421,30/01/2019,155,SAO PAULO,FURTO (ART. 155) - OUTROS,SAMSUNG
878,01/01/2020,157,SAO VICENTE,ROUBO (ART. 157) - TRANSEUNTE,MOTOROLA
1366,28/02/2021,157,CAMPINAS,ROUBO (ART. 157) - VEICULO,XIAOMI
34,30/11/2018,155,CAMPINAS,FURTO (ART. 155) - OUTROS,SAMSUNG
1417,03/01/2021,157,SAO PAULO,ROUBO (ART. 157) - OUTROS,ASUS
296,05/01/2018,157,SAO PAULO,,APPLE
1125,09/01/2020,155,GUARUJA,FURTO (ART. 155) - OUTROS,MOTOROLA
546,31/01/2019,155,SANTO ANDRE,FURTO (ART. 155) - OUTROS,SAMSUNG
1464,27/02/2021,157,OSASCO,ROUBO (ART. 157) - TRANSEUNTE,MOTOROLA
925,01/01/2020,157,UBATUBA,ROUBO (ART. 157) - TRANSEUNTE,APPLE
610,30/08/2019,157,SAO PAULO,ROUBO (ART. 157) - OUTROS,MOTOROLA
854,01/01/2020,157,SANTOS,ROUBO (ART. 157) - OUTROS,SAMSUNG
776,31/12/2019,157,SAO PAULO,ROUBO (ART. 157) - OUTROS,MOTOROLA
1480,25/02/2021,157,,,SAMSUNG
1073,31/08/2020,155,SAO PAULO,FURTO (ART. 155) - TRANSEUNTE,OUTROS
615,30/08/2019,157,SAO PAULO,ROUBO (ART. 157) - OUTROS,SAMSUNG
423,31/01/2019,155,SAO PAULO,FURTO (ART. 155) - OUTROS,APPLE
1198,29/11/2021,155,SAO PAULO,FURTO (ART. 155) - OUTROS,SAMSUNG
270,30/04/2018,157,SAO PAULO,,IPHONE
972,31/08/2020,155,SAO PAULO,FURTO (ART. 155) - OUTROS,SAMSUNG
918,01/01/2020,157,FRANCO DA ROCHA,ROUBO (ART. 157) - TRANSEUNTE,SAMSUNG
510,31/01/2019,155,SAO RITA PASSA QUATRO,FURTO QUALIFICADO (ART. 155) - APLICATIVO DE MOBILIDADE URBANA,LG
1514,28/02/2021,157,SAO PAULO,ROUBO (ART. 157) - OUTROS,SAMSUNG
170,12/01/2018,,SOROCABA,FURTO (ART. 155) - OUTROS,
518,02/01/2019,155,SAO PAULO,FURTO (ART. 155) - OUTROS,APPLE
634,31/08/2019,157,SAO PAULO,ROUBO (ART. 157) - OUTROS,APPLE
131,30/11/2018,155,SAO PAULO,,SAMSUNG
400,31/01/2019,155,OSASCO,FURTO (ART. 155) - OUTROS,MOTOROLA
475,26/01/2019,155,ITANHAEM,FURTO (ART. 155) - OUTROS,MOTOROLA
1438,24/02/2021,157,SAO PAULO,ROUBO (ART. 157) - TRANSEUNTE,LG
907,01/01/2020,157,SAO PAULO,ROUBO (ART. 157) - TRANSEUNTE,ASUS
1077,09/01/2020,155,HORTOLANDIA,FURTO (ART. 155) - TRANSEUNTE,SAMSUNG
80,30/11/2018,155,SAO PAULO,,APPLE
527,02/01/2019,147,GUARUJA,AMEACA (ART. 147),
1312,12/01/2021,155,SAO PAULO,FURTO (ART. 155) - OUTROS,SAMSUNG
376,05/01/2018,157,SAO PAULO,ROUBO (ART. 157) - TRANSEUNTE,MOTOROLA
631,31/08/2019,157,HORTOLANDIA,ROUBO (ART. 157) - OUTROS,MOTOROLA
1196,20/11/2021,155,GUARULHOS,FURTO (ART. 155) - OUTROS,APPLE
1111,29/08/2020,155,SAO JOSE DO RIO PRETO,FURTO (ART. 155) - RESIDENCIA,XIAOMI
334,29/04/2018,157,SAO PAULO,ROUBO (ART. 157) - TRANSEUNTE,APPLE
393,31/01/2019,155,SAO PAULO,A.I.-FURTO QUALIFICADO (ART. 155) - TRANSEUNTE,APPLE
1508,26/02/2021,157,SAO JOSE DOS CAMPOS,ROUBO (ART. 157) - TRANSEUNTE,SAMSUNG
1518,28/02/2021,157,GUARUJA,ROUBO (ART. 157) - RESIDENCIA,APPLE
722,31/08/2019,157,SAO PAULO,ROUBO (ART. 157) - OUTROS,
1245,29/11/2021,155,SAO PAULO,FURTO (ART. 155) - TRANSEUNTE,APPLE
754,09/01/2019,157,CAMPINAS,ROUBO (ART. 157) - TRANSEUNTE,LG
250,30/04/2018,157,FERRAZ DE VASCONCELOS,,SAMSUNG
1457,28/02/2021,157,SAO PAULO,ROUBO (ART. 157) - INTERIOR DE VEICULO,MOTOROLA
97,28/11/2018,155,JUNDIAI,,SAMSUNG
816,31/12/2019,157,SAO PAULO,ROUBO (ART. 157) - OUTROS,SAMSUNG
1459,26/02/2021,157,MOGI DAS CRUZES,ROUBO (ART. 157) - OUTROS,MOTOROLA
406,25/01/2019,155,GUARULHOS,FURTO (ART. 155) - OUTROS,SAMSUNG
207,30/04/2018,,PRAIA GRANDE,ROUBO (ART. 157) - TRANSEUNTE,MOTOROLA
392,24/01/2019,155,SUZANO,FURTO QUALIFICADO (ART. 155) - INTERIOR DE VEICULO,MOTOROLA
1482,27/02/2021,157,,,SAMSUNG
676,31/08/2019,,,ROUBO (ART. 157) - TRANSEUNTE,MOTOROLA
836,01/01/2020,,,,
351,30/04/2018,157,SAO PAULO,ROUBO (ART. 157) - TRANSEUNTE,MOTOROLA
1091,29/08/2020,129,MOGI MIRIM,LESAO CORPORAL (ART 129),
636,30/08/2019,157,SAO PAULO,ROUBO (ART. 157) - OUTROS,APPLE
1384,28/02/2021,157,SAO PAULO,ROUBO (ART. 157) - OUTROS,MOTOROLA
153,29/11/2018,155,SAO PAULO,FURTO (ART. 155) - OUTROS,
190,29/11/2018,,SAO PAULO,FURTO (ART. 155) - OUTROS,OUTROS
650,30/08/2019,157,SAO PAULO,ROUBO (ART. 157) - OUTROS,SAMSUNG
1447,27/02/2021,157,ARUJA,ROUBO (ART. 157) - TRANSEUNTE,LG
862,01/01/2020,157,DIADEMA,ROUBO (ART. 157) - TRANSEUNTE,SAMSUNG
525,31/01/2019,155,TATUI,FURTO (ART. 155) - OUTROS,MOTOROLA
511,02/01/2019,155,SAO PAULO,FURTO (ART. 155) - OUTROS,APPLE
772,31/08/2019,157,SAO PAULO,ROUBO (ART. 157) - TRANSEUNTE,SAMSUNG
1216,30/11/2021,155,CAMPINAS,FURTO (ART. 155) - OUTROS,APPLE
550,31/01/2019,155,SAO PAULO,FURTO (ART. 155) - INTERIOR ESTABELECIMENTO,
1052,31/08/2020,155,REGISTRO,FURTO (ART. 155) - ESTABELECIMENTO COMERCIAL,APPLE
1485,28/02/2021,157,,,ASUS
1456,02/02/2021,157,ITANHAEM,ROUBO (ART. 157) - OUTROS,MOTOROLA
1521,13/02/2021,157,SAO PAULO,ROUBO (ART. 157) - OUTROS,APPLE
145,28/11/2018,155,SAO PAULO,FURTO (ART. 155) - OUTROS,
1060,09/01/2020,147,SAO PAULO,AMEACA (ART. 147),
472,31/01/2019,155,SAO PAULO,FURTO (ART. 155) - OUTROS,MOTOROLA
1333,12/01/2021,,,,SAMSUNG
783,31/12/2019,157,,,MOTOROLA
1258,30/11/2021,155,SAO PAULO,FURTO (ART. 155) - OUTROS,APPLE
728,31/08/2019,157,SAO PAULO,ROUBO (ART. 157) - VEICULO,
384,30/01/2019,155,SAO PAULO,FURTO (ART. 155) - OUTROS,MOTOROLA
203,27/04/2018,,TABOAO DA SERRA,ROUBO (ART. 157) - TRANSEUNTE,SAMSUNG
1072,29/08/2020,155,SAO PAULO,FURTO (ART. 155) - OUTROS,MOTOROLA
216,30/04/2018,,SAO PAULO,ROUBO (ART. 157) - TRANSEUNTE,QUANTUM
1267,30/11/2021,155,ITAQUAQUECETUBA,FURTO (ART. 155) - OUTROS,MOTOROLA
987,29/08/1986,155,SAO PAULO,FURTO (ART. 155) - OUTROS,MOTOROLA
458,23/01/2019,155,AMERICANA,FURTO (ART. 155) - TRANSEUNTE,MOTOROLA
1512,28/02/2021,157,MOGI DAS CRUZES,ROUBO (ART. 157) - VEICULO,APPLE
1003,31/08/2020,155,SAO PAULO,FURTO (ART. 155) - OUTROS,SAMSUNG
325,30/04/2018,157,SAO PAULO,ROUBO (ART. 157) - INTERIOR DE VEICULO,ASUS
491,31/01/2019,155,SAO PAULO,FURTO (ART. 155) - OUTROS,MOTOROLA
962,31/08/2020,155,SAO PAULO,FURTO (ART. 155) - OUTROS,SAMSUNG
616,30/08/2019,157,VALINHOS,ROUBO (ART. 157) - OUTROS,SAMSUNG
1222,30/11/2021,155,SAO PAULO,FURTO (ART. 155) - OUTROS,SAMSUNG
30,29/11/2018,155,OSASCO,FURTO (ART. 155) - OUTROS,SAMSUNG
924,01/01/2020,157,SAO PAULO,ROUBO (ART. 157) - VEICULO,SAMSUNG
1355,28/02/2021,157,GUARUJA,ROUBO (ART. 157) - VEICULO,MOTOROLA
1342,28/11/2021,155,RIBEIRAO PRETO,FURTO (ART. 155) - TRANSEUNTE,OUTROS
164,30/11/2018,155,SAO PAULO,FURTO (ART. 155) - OUTROS,
1160,30/11/2021,155,SAO PAULO,FURTO (ART. 155) - OUTROS,SAMSUNG
209,30/04/2018,,COTIA,ROUBO (ART. 157) - VEICULO,MOTOROLA
935,31/12/2019,157,SAO PAULO,ROUBO (ART. 157) - VEICULO,SAMSUNG
1286,30/11/2021,155,SANTOS,FURTO (ART. 155) - OUTROS,MOTOROLA
301,30/04/2018,157,SAO PAULO,,MOTOROLA
346,05/01/2018,157,SAO PAULO,ROUBO (ART. 157) - VEICULO,ASUS
364,30/04/2018,157,SAO PAULO,ROUBO (ART. 157) - VEICULO,ALCATEL
1378,28/02/2021,157,BIRIGUI,ROUBO (ART. 157) - TRANSEUNTE,MOTOROLA
426,31/01/2019,155,SAO PAULO,FURTO (ART. 155) - OUTROS,APPLE
5,28/11/2018,155,RIBEIRAO PRETO,FURTO (ART. 155) - INTERIOR DE VEICULO,MOTOROLA
737,09/01/2019,157,CARAGUATATUBA,ROUBO (ART. 157) - RESIDENCIA,
968,29/08/2020,155,SAO PAULO,FURTO (ART. 155) - OUTROS,
686,09/01/2019,,,ROUBO (ART. 157) - TRANSEUNTE,SAMSUNG
711,31/08/2019,157,DIADEMA,ROUBO (ART. 157) - OUTROS,
1133,27/08/2020,155,CAMPINAS,FURTO (ART. 155) - OUTROS,MOTOROLA
332,05/01/2018,157,SAO PAULO,ROUBO (ART. 157) - VEICULO,OUTROS
1039,09/01/2020,155,FRANCA,FURTO QUALIFICADO (ART. 155) - ESTABELECIMENTO-OUTROS,
642,31/08/2019,157,SAO PAULO,ROUBO (ART. 157) - OUTROS,SAMSUNG
661,09/01/2019,157,SAO PAULO,ROUBO (ART. 157) - TRANSEUNTE,SAMSUNG
239,29/04/2018,,,,
949,31/12/2019,157,SAO PAULO,ROUBO (ART. 157) - TRANSEUNTE,MOTOROLA
1168,30/11/2021,155,SAO PAULO,FURTO (ART. 155) - TRANSEUNTE,SAMSUNG
1239,29/11/2021,155,SAO PAULO,FURTO (ART. 155) - OUTROS,MOTOROLA
237,30/04/2018,,,,
647,31/08/2019,157,SAO PAULO,ROUBO (ART. 157) - TRANSEUNTE,APPLE
742,31/08/2019,157,SAO PAULO,ROUBO (ART. 157) - VEICULO,LG
502,02/01/2019,155,SAO PAULO,FURTO (ART. 155) - OUTROS,SAMSUNG
658,31/08/2019,157,SAO PAULO,ROUBO (ART. 157) - OUTROS,MOTOROLA
258,30/04/2018,157,GUARULHOS,,MOTOROLA
109,30/11/2018,155,SAO PAULO,,MOTOROLA
1492,03/01/2021,157,SAO PAULO,ROUBO (ART. 157) - TRANSEUNTE,SAMSUNG
746,31/08/2019,157,GUARATINGUETA,ROUBO (ART. 157) - TRANSEUNTE,SAMSUNG
1129,09/01/2020,155,SAO JOSE DOS CAMPOS,FURTO (ART. 155) - OUTROS,MOTOROLA
1509,22/01/2021,157,SAO JOSE DOS CAMPOS,ROUBO (ART. 157) - TRANSEUNTE,MOTOROLA
422,31/01/2019,155,SAO PAULO,FURTO (ART. 155) - OUTROS,APPLE
128,11/01/2018,155,NOVA ODESSA,,MOTOROLA
569,22/01/2019,155,SAO PAULO,FURTO (ART. 155) - INTERIOR TRANSPORTE COLETIVO,MOTOROLA
1358,28/02/2021,157,SAO PAULO,ROUBO (ART. 157) - VEICULO,SAMSUNG
651,26/08/2019,157,SAO PAULO,ROUBO (ART. 157) - TRANSEUNTE,
1328,27/11/2021,,,,SAMSUNG
1406,28/02/2021,157,SAO PAULO,ROUBO (ART. 157) - TRANSEUNTE,SAMSUNG
834,31/12/2019,,,,
66,30/11/2018,155,,FURTO (ART. 155) - OUTROS,APPLE
259,30/04/2018,157,SAO PAULO,,LG-
302,30/04/2018,157,SAO PAULO,,SAMSUNG
299,05/01/2018,157,SANTO ANDRE,,MOTOROLA
769,09/01/2019,157,CAMPINAS,ROUBO (ART. 157) - OUTROS,LENOVO
1127,09/01/2020,155,PRESIDENTE PRUDENTE,FURTO (ART. 155) - OUTROS,LG
1359,28/02/2021,157,SAO PAULO,ROUBO (ART. 157) - OUTROS,SAMSUNG
196,30/11/2018,,SAO PAULO,FURTO (ART. 155) - OUTROS,LG
3,28/11/2018,155,SAO PAULO,FURTO (ART. 155) - OUTROS,APPLE
1042,09/01/2020,155,CAMPINAS,FURTO (ART. 155) - INTERIOR TRANSPORTE COLETIVO,MOTOROLA
677,31/08/2019,,,ROUBO (ART. 157) - OUTROS,APPLE
685,09/01/2019,,,ROUBO (ART. 157) - TRANSEUNTE,APPLE
899,31/12/2019,157,GUARULHOS,ROUBO (ART. 157) - TRANSEUNTE,SAMSUNG
1304,30/11/2021,155,SANTO ANDRE,FURTO (ART. 155) - OUTROS,MOTOROLA
1381,28/02/2021,157,SAO PAULO,ROUBO (ART. 157) - OUTROS,APPLE
1159,27/11/2021,155,SAO PAULO,FURTO (ART. 155) - OUTROS,SAMSUNG
961,31/08/2020,155,SAO PAULO,FURTO (ART. 155) - TRANSEUNTE,
1233,26/11/2021,155,SAO PAULO,FURTO (ART. 155) - OUTROS,MOTOROLA
1404,28/02/2021,157,SAO PAULO,ROUBO (ART. 157) - TRANSEUNTE,LG
292,05/01/2018,157,DIADEMA,,SAMSUNG
161,30/11/2018,155,SAO PAULO,FURTO (ART. 155) - OUTROS,
1097,28/08/2020,155,SAO PAULO,FURTO (ART. 155) - INTERIOR TRANSPORTE COLETIVO,SAMSUNG
887,01/01/2020,157,ITAQUAQUECETUBA,ROUBO (ART. 157) - VEICULO,MOTOROLA
1354,28/02/2021,157,GUARUJA,ROUBO (ART. 157) - VEICULO,APPLE
142,30/11/2018,155,SAO PAULO,FURTO (ART. 155) - OUTROS,
1375,28/02/2021,157,SAO PAULO,ROUBO (ART. 157) - TRANSEUNTE,
380,31/01/2019,155,SAO JOSE DO RIO PRETO,FURTO QUALIFICADO (ART. 155) - INTERIOR DE VEICULO,SAMSUNG
391,31/01/2019,155,SUMARE,FURTO (ART. 155) - OUTROS,SAMSUNG
437,31/01/2019,155,SAO PAULO,FURTO (ART. 155) - OUTROS,APPLE
1281,30/11/2021,155,SAO PAULO,FURTO (ART. 155) - OUTROS,XIAOMI
372,30/04/2018,157,PERUIBE,ROUBO (ART. 157) - TRANSEUNTE,MOTOROLA
1058,31/08/2020,155,SAO PAULO,FURTO (ART. 155) - OUTROS,MOTOROLA
1061,09/01/2020,155,SAO PAULO,FURTO (ART. 155) - OUTROS,SAMSUNG
323,30/04/2018,157,SAO PAULO,ROUBO (ART. 157) - INTERIOR DE VEICULO,APPLE
1398,03/01/2021,157,JUNDIAI,ROUBO (ART. 157) - OUTROS,SAMSUNG
1044,22/08/2020,155,CAMPINAS,FURTO (ART. 155) - OUTROS,SAMSUNG
1515,25/02/2021,157,SUZANO,ROUBO (ART. 157) - OUTROS,SAMSUNG
68,29/11/2018,155,,,MOTOROLA
970,28/08/2020,155,SAO PAULO,FURTO QUALIFICADO (ART. 155) - TRANSEUNTE,
230,29/04/2018,,,,
129,30/11/2018,155,SAO PAULO,,APPLE
993,28/08/2020,155,SAO PAULO,FURTO (ART. 155) - OUTROS,MOTOROLA
172,30/11/2018,,SAO PAULO,FURTO (ART. 155) - OUTROS,
1240,30/11/2021,155,SAO PAULO,FURTO (ART. 155) - OUTROS,MOTOROLA
1021,30/08/2020,155,SUMARE,FURTO (ART. 155) - OUTROS,
1117,09/01/2020,155,SAO PAULO,FURTO QUALIFICADO (ART. 155) - INTERIOR ESTABELECIMENTO,SAMSUNG
1229,30/11/2021,155,JANDIRA,FURTO (ART. 155) - OUTROS,XIAOMI
537,25/12/2018,155,RIBEIRAO PRETO,FURTO (ART. 155) - VEICULO,APPLE
630,09/01/1989,157,SAO PAULO,ROUBO (ART. 157) - OUTROS,LG
198,29/11/2018,,ITAPECERICA DA SERRA,FURTO QUALIFICADO (ART. 155) - RESIDENCIA,ALCATEL
623,31/08/2019,157,ARTUR NOGUEIRA,ROUBO (ART. 157) - TRANSEUNTE,MOTOROLA
1075,09/01/2020,155,SAO VICENTE,FURTO (ART. 155) - OUTROS,SAMSUNG
1472,28/02/2021,157,,,LG
1030,31/08/2020,155,SAO PAULO,FURTO QUALIFICADO (ART. 155) - INTERIOR DE VEICULO,SAMSUNG
1230,30/11/2021,155,SAO PAULO,FURTO (ART. 155) - OUTROS,SAMSUNG
1478,28/02/2021,157,,,
1112,29/08/2020,155,SAO PAULO,FURTO (ART. 155) - OUTROS,APPLE
749,09/01/2019,157,SAO PAULO,ROUBO (ART. 157) - TRANSEUNTE,SAMSUNG
1413,03/01/2021,157,SAO PAULO,ROUBO (ART. 157) - OUTROS,APPLE
723,09/01/2019,157,SAO PAULO,ROUBO (ART. 157) - TRANSEUNTE,
1116,09/01/2020,155,SAO PAULO,FURTO (ART. 155) - OUTROS,MOTOROLA
132,12/01/2018,155,SAO PAULO,,
431,31/01/2019,155,SAO PAULO,FURTO (ART. 155) - OUTROS,SAMSUNG
1409,03/01/2021,157,SAO PAULO,ROUBO (ART. 157) - OUTROS,APPLE
592,31/08/2019,157,SAO PAULO,ROUBO (ART. 157) - OUTROS,APPLE
751,30/08/2019,157,FERRAZ DE VASCONCELOS,ROUBO (ART. 157) - TRANSEUNTE,SAMSUNG
271,30/04/2018,157,SANTO ANDRE,,LG
953,01/01/2020,157,PRAIA GRANDE,ROUBO (ART. 157) - VEICULO,XIAOMI
22,30/11/2018,155,SAO PAULO,FURTO (ART. 155) - OUTROS,MOTOROLA
138,30/11/2018,155,SAO PAULO,FURTO (ART. 155) - OUTROS,
1291,30/10/2021,155,SAO PAULO,FURTO (ART. 155) - OUTROS,OUTROS
1479,25/02/2021,157,,,LG
492,02/01/2019,155,SAO PAULO,FURTO (ART. 155) - OUTROS,SAMSUNG
463,31/01/2019,155,SAO PAULO,A.I.-FURTO QUALIFICADO (ART. 155) - TRANSEUNTE,APPLE
1421,28/02/2021,157,FRANCISCO MORATO,ROUBO (ART. 157) - TRANSEUNTE,MOTOROLA
339,05/01/2018,157,CARAPICUIBA,ROUBO (ART. 157) - INTERIOR DE VEICULO,OUTROS
667,31/08/2019,157,SAO PAULO,ROUBO (ART. 157) - INTERIOR DE VEICULO,SAMSUNG
147,30/11/2018,155,SAO PAULO,FURTO (ART. 155) - OUTROS,
1387,28/02/2021,157,SAO PAULO,ROUBO (ART. 157) - VEICULO,SAMSUNG
663,09/01/2019,157,AMERICANA,ROUBO (ART. 157) - TRANSEUNTE,LENOVO
639,31/08/2019,157,SAO PAULO,ROUBO (ART. 157) - OUTROS,MOTOROLA
459,31/01/2018,155,SAO JOSE DOS CAMPOS,FURTO (ART. 155) - OUTROS,APPLE
1455,28/02/2021,157,SAO PAULO,ROUBO (ART. 157) - OUTROS,APPLE
1174,29/11/2021,155,BOITUVA,FURTO (ART. 155) - OUTROS,SAMSUNG
200,29/04/2018,,SAO PAULO,ROUBO (ART. 157) - TRANSEUNTE,ASUS
589,31/08/2019,157,GUARUJA,ROUBO (ART. 157) - TRANSEUNTE,SAMSUNG
840,01/01/2020,,,,
1317,30/11/2021,,,,MOTOROLA
1380,28/02/2021,157,SAO PAULO,ROUBO (ART. 157) - OUTROS,APPLE
1371,27/02/2021,157,SAO PAULO,ROUBO (ART. 157) - OUTROS,MOTOROLA
1287,30/11/2021,155,SANTO ANDRE,FURTO (ART. 155) - OUTROS,APPLE
768,31/08/2019,157,SAO PAULO,ROUBO (ART. 157) - OUTROS,MOTOROLA
427,31/01/2019,155,SAO PAULO,FURTO (ART. 155) - OUTROS,SAMSUNG
703,31/08/2019,157,SAO PAULO,ROUBO (ART. 157) - OUTROS,SAMSUNG
1405,03/01/2021,157,BAURU,ROUBO (ART. 157) - OUTROS,SAMSUNG
1115,08/12/2020,155,PRAIA GRANDE,FURTO (ART. 155) - TRANSEUNTE,SAMSUNG
986,31/08/2020,155,SAO PAULO,FURTO (ART. 155) - OUTROS,APPLE
898,01/01/2020,157,CAMPINAS,ROUBO (ART. 157) - VEICULO,MOTOROLA
777,31/12/2019,157,,,MOTOROLA
1516,03/01/2021,157,ITANHAEM,ROUBO (ART. 157) - TRANSEUNTE,MOTOROLA
831,31/12/2019,,,,
116,12/01/2018,21,SAO JOAQUIM DA BARRA,,
21,30/11/2018,155,SAO PAULO,FURTO (ART. 155) - OUTROS,APPLE
293,05/01/2018,157,SAO PAULO,,MOTOROLA
255,30/04/2018,157,SAO PAULO,,SAMSUNG
1427,28/02/2021,157,SAO JOSE DOS CAMPOS,ROUBO (ART. 157) - TRANSEUNTE,SAMSUNG
42,30/11/2018,155,,FURTO (ART. 155) - OUTROS,SAMSUNG
39,30/11/2018,155,SAO PAULO,FURTO (ART. 155) - OUTROS,APPLE
276,30/04/2018,157,JACAREI,,MOTOROLA
342,30/04/2018,157,RIBEIRAO PRETO,ROUBO (ART. 157) - TRANSEUNTE,LG
1178,30/11/2021,155,SUZANO,FURTO (ART. 155) - OUTROS,SAMSUNG
1109,31/08/2020,155,SAO PAULO,FURTO (ART. 155) - OUTROS,SAMSUNG
95,30/11/2018,155,SAO PAULO,,MOTOROLA
727,09/01/2019,157,SAO PAULO,ROUBO (ART. 157) - TRANSEUNTE,
809,01/01/2020,157,RIBEIRAO PRETO,ROUBO (ART. 157) - TRANSEUNTE,MOTOROLA
336,05/01/2018,157,SAO PAULO,ROUBO (ART. 157) - TRANSEUNTE,SAMSUNG
387,31/01/2019,155,SAO PAULO,FURTO (ART. 155) - OUTROS,MOTOROLA
294,05/01/2018,157,SAO BERNARDO DO CAMPO,,MOTOROLA
833,01/01/2020,,,,
283,30/04/2018,157,RIBEIRAO PRETO,,SAMSUNG
143,12/01/2018,155,REGISTRO,FURTO (ART. 155) - TRANSEUNTE,
551,21/01/2019,155,DRACENA,FURTO (ART. 155) - RESIDENCIA,SAMSUNG
849,01/01/2020,157,CARAGUATATUBA,ROUBO (ART. 157) - TRANSEUNTE,APPLE
197,12/01/2018,,ARARAQUARA,FURTO (ART. 155) - TRANSEUNTE,LG
1307,12/01/2021,155,SAO PAULO,FURTO (ART. 155) - OUTROS,SAMSUNG
114,12/01/2018,155,JABOTICABAL,,
1379,24/02/2021,157,CAMPINAS,ROUBO (ART. 157) - TRANSEUNTE,SAMSUNG
999,31/08/2020,155,SAO PAULO,FURTO (ART. 155) - OUTROS,SAMSUNG
1372,28/02/2021,157,ITAQUAQUECETUBA,ROUBO (ART. 157) - TRANSEUNTE,MOTOROLA
1282,30/11/2021,155,SAO PAULO,FURTO (ART. 155) - OUTROS,XIAOMI
982,30/08/2020,155,SAO PAULO,FURTO (ART. 155) - OUTROS,MULTILASER
1032,31/08/2020,155,PRAIA GRANDE,FURTO (ART. 155) - OUTROS,OUTROS
1180,29/11/2021,155,CACAPAVA,FURTO (ART. 155) - OUTROS,SAMSUNG
497,31/01/2019,155,SAO PAULO,FURTO QUALIFICADO (ART. 155) - INTERIOR DE VEICULO,MOTOROLA
590,31/08/2019,157,DIADEMA,ROUBO (ART. 157) - OUTROS,MOTOROLA
692,31/08/2019,,,ROUBO (ART. 157) - VEICULO,SAMSUNG
1368,28/02/2021,157,CAMPINAS,ROUBO (ART. 157) - VEICULO,XIAOMI
1083,29/08/2020,155,SAO PAULO,FURTO (ART. 155) - OUTROS,MOTOROLA
829,01/01/2020,,,,
1348,29/11/2021,155,CAMPINAS,FURTO (ART. 155) - OUTROS,SAMSUNG
47,15/11/2018,155,,FURTO (ART. 155) - OUTROS,APPLE
844,31/12/2019,,,,
1276,27/11/2021,155,SAO PAULO,FURTO (ART. 155) - OUTROS,APPLE
1235,09/01/2021,155,SAO PAULO,FURTO (ART. 155) - OUTROS,APPLE
534,28/01/2019,155,COSMOPOLIS,FURTO (ART. 155) - OUTROS,SAMSUNG
954,31/08/2020,155,SAO PAULO,FURTO (ART. 155) - OUTROS,APPLE
1501,23/02/2021,157,SAO CRUZ DO RIO PARDO,ROUBO (ART. 157) - OUTROS,MOTOROLA
1064,31/08/2020,155,SAO PAULO,FURTO (ART. 155) - OUTROS,MOTOROLA
1118,29/08/2020,155,ESPIRITO SANTO PINHAL,FURTO QUALIFICADO (ART. 155) - RESIDENCIA,OUTROS
348,29/04/2018,157,SAO PAULO,ROUBO (ART. 157) - TRANSEUNTE,MOTOROLA
565,14/01/2019,155,ITARARE,FURTO (ART. 155) - INTERIOR DE VEICULO,MOTOROLA
883,31/12/2019,157,SAO PAULO,ROUBO (ART. 157) - TRANSEUNTE,MOTOROLA
1033,27/08/2020,155,ARAMINA,FURTO (ART. 155) - OUTROS,MULTILASER
122,30/11/2018,155,SAO PAULO,,MOTOROLA
532,31/01/2019,155,REGISTRO,FURTO (ART. 155) - ESTABELECIMENTO-OUTROS,APPLE
1209,30/11/2021,155,SAO PAULO,FURTO (ART. 155) - OUTROS,MOTOROLA
268,30/04/2018,157,OSASCO,,SANSUMG
1114,29/08/2020,155,SAO PAULO,FURTO (ART. 155) - OUTROS,MOTOROLA
959,29/08/2020,155,SAO PAULO,FURTO (ART. 155) - OUTROS,SAMSUNG
889,01/01/2020,157,ITAQUAQUECETUBA,ROUBO (ART. 157) - VEICULO,MOTOROLA
1345,12/01/2021,155,SAO PAULO,FURTO (ART. 155) - OUTROS,SAMSUNG
115,12/01/2018,155,GUARATINGUETA,,MOTOROLA
744,09/01/2019,157,SAO PAULO,ROUBO (ART. 157) - VEICULO,SAMSUNG
627,09/01/2019,157,SAO PAULO,ROUBO (ART. 157) - VEICULO,SAMSUNG
665,09/01/2019,157,SAO PAULO,ROUBO (ART. 157) - TRANSEUNTE,APPLE
111,12/01/2018,155,JABOTICABAL,,SAMSUNG
1089,28/08/2020,155,GUARULHOS,FURTO (ART. 155) - OUTROS,ASUS
365,29/04/2018,157,SAO PAULO,ROUBO (ART. 157) - TRANSEUNTE,APPLE
983,29/08/2020,155,SAO PAULO,FURTO (ART. 155) - OUTROS,MOTOROLA
832,31/12/2019,,,,
490,31/01/2019,155,SAO PAULO,FURTO (ART. 155) - OUTROS,MOTOROLA
1395,28/02/2021,157,GUARULHOS,ROUBO (ART. 157) - TRANSEUNTE,SAMSUNG
59,30/11/2018,155,,FURTO (ART. 155) - OUTROS,SAMSUNG
1054,30/08/2020,155,SAO PAULO,FURTO (ART. 155) - OUTROS,MOTOROLA
1227,30/11/2021,155,SAO PAULO,FURTO (ART. 155) - OUTROS,SAMSUNG
1295,12/01/2021,155,SANTO ANDRE,FURTO (ART. 155) - OUTROS,OUTROS
817,01/01/2020,157,OSASCO,ROUBO (ART. 157) - INTERIOR DE VEICULO,APPLE
614,29/08/2019,157,SAO PAULO,ROUBO (ART. 157) - OUTROS,SAMSUNG
1319,30/11/2021,,,,MOTOROLA
217,30/04/2018,,MAUA,ROUBO (ART. 157) - TRANSEUNTE,SAMSUNG
691,31/08/2019,,,ROUBO (ART. 157) - OUTROS,SAMSUNG
442,31/01/2019,155,SAO PAULO,FURTO (ART. 155) - OUTROS,APPLE
619,06/04/2019,157,SAO PAULO,ROUBO (ART. 157) - OUTROS,POSITIVO
1273,27/11/2021,155,SAO PAULO,FURTO (ART. 155) - OUTROS,APPLE
395,31/01/2019,155,SAO PAULO,FURTO (ART. 155) - OUTROS,LENOVO
635,30/08/2019,157,SAO PAULO,ROUBO (ART. 157) - OUTROS,MOTOROLA
371,05/01/2018,157,CARAPICUIBA,ROUBO (ART. 157) - OUTROS,SAMSUNG
338,30/04/2018,157,SAO VICENTE,ROUBO (ART. 157) - TRANSEUNTE,ALCATEL
40,25/11/2018,155,SAO PAULO,FURTO (ART. 155) - OUTROS,APPLE
193,30/11/2018,,SAO PAULO,FURTO (ART. 155) - OUTROS,MOTOROLA
1350,30/11/2021,155,DESCALVADO,FURTO (ART. 155) - OUTROS,MOTOROLA
191,12/01/2018,,DRACENA,FURTO (ART. 155) - OUTROS,XIAOMI
51,30/11/2018,155,,FURTO (ART. 155) - OUTROS,SAMSUNG
881,31/12/2019,157,SAO PAULO,ROUBO (ART. 157) - VEICULO,APPLE
353,30/04/2018,157,ARACARIGUAMA,ROUBO (ART. 157) - CARGA,SAMSUNG
240,29/04/2018,,,,
708,31/08/2019,157,SAO PAULO,ROUBO (ART. 157) - TRANSEUNTE,
852,01/01/2020,157,MONGAGUA,ROUBO (ART. 157) - OUTROS,MOTOROLA
287,30/04/2018,157,SAO PAULO,,APPLE
133,30/11/2018,155,SAO JOSE DOS CAMPOS,,
1481,28/02/2021,157,,,SAMSUNG
928,01/01/2020,157,PERUIBE,ROUBO (ART. 157) - TRANSEUNTE,MOTOROLA
1272,29/11/2021,155,SAO PAULO,FURTO (ART. 155) - OUTROS,XIAOMI
688,09/01/2019,,,ROUBO (ART. 157) - INTERIOR DE VEICULO,MOTOROLA
411,28/01/2019,155,SAO CRUZ DO RIO PARDO,FURTO (ART. 155) - OUTROS,SAMSUNG
1040,09/01/2020,155,SAO PAULO,FURTO (ART. 155) - TRANSEUNTE,
1232,30/11/2021,155,SAO PAULO,FURTO (ART. 155) - OUTROS,APPLE
340,30/04/2018,157,SAO PAULO,ROUBO (ART. 157) - VEICULO,MOTOROLA
1181,09/01/2021,155,SAO BERNARDO DO CAMPO,FURTO (ART. 155) - OUTROS,MOTOROLA
545,31/01/2019,171,SANTO ANDRE,ESTELIONATO (ART. 171),
591,09/01/2019,157,CAMPINAS,ROUBO (ART. 157) - VEICULO,SAMSUNG
520,23/01/2019,155,RIO CLARO,FURTO QUALIFICADO (ART. 155) - ESTABELECIMENTO COMERCIAL,LG
793,31/12/2019,157,SAO PAULO,ROUBO (ART. 157) - INTERIOR TRANSPORTE COLETIVO,LG
350,05/01/2018,157,SAO PAULO,ROUBO (ART. 157) - TRANSEUNTE,MOTOROLA
168,30/11/2018,,ITAPEVI,FURTO (ART. 155) - OUTROS,
626,30/08/2019,157,SAO PAULO,ROUBO (ART. 157) - OUTROS,SAMSUNG
547,30/01/2019,155,SAO PAULO,FURTO (ART. 155) - TRANSEUNTE,LG
1314,28/11/2021,155,SAO PAULO,FURTO (ART. 155) - OUTROS,SAMSUNG
108,30/11/2018,155,ARACATUBA,,SAMSUNG
1275,29/11/2021,155,SAO PAULO,FURTO (ART. 155) - OUTROS,SAMSUNG
1311,12/01/2021,155,SAO PAULO,FURTO (ART. 155) - OUTROS,MOTOROLA
412,02/01/2019,155,SAO PAULO,FURTO (ART. 155) - INTERIOR DE VEICULO,SAMSUNG
649,28/08/2019,157,SAO PAULO,ROUBO (ART. 157) - OUTROS,MOTOROLA
1214,29/11/2021,155,PRAIA GRANDE,FURTO (ART. 155) - OUTROS,MOTOROLA
1036,09/01/2020,155,SUMARE,FURTO (ART. 155) - INTERIOR TRANSPORTE COLETIVO,MOTOROLA
530,19/01/2019,155,GUARULHOS,FURTO (ART. 155) - RESIDENCIA,SAMSUNG
1483,28/02/2021,157,,,SAMSUNG
362,05/01/2018,157,SAO PAULO,ROUBO (ART. 157) - TRANSEUNTE,APPLE
671,31/08/2019,157,GUARULHOS,ROUBO (ART. 157) - OUTROS,MOTOROLA
1055,31/08/2020,155,BURITAMA,FURTO (ART. 155) - OUTROS,MOTOROLA
149,12/01/2018,155,EMBU DAS ARTES,FURTO (ART. 155) - ESTABELECIMENTO COMERCIAL,
1195,28/11/2021,155,ITAQUAQUECETUBA,FURTO (ART. 155) - OUTROS,MOTOROLA
54,30/11/2018,155,,FURTO (ART. 155) - OUTROS,MOTOROLA
326,30/04/2018,157,SANTOS,ROUBO (ART. 157) - TRANSEUNTE,MOTOROLA
826,01/01/2020,157,CAMPINAS,ROUBO (ART. 157) - VEICULO,SAMSUNG
1199,30/11/2021,155,SAO PAULO,FURTO (ART. 155) - OUTROS,APPLE
369,28/04/2018,157,GUAREI,A.I.-ROUBO (ART. 157) - ESTABELECIMENTO COMERCIAL,MOTOROLA
247,30/04/2018,157,SAO PAULO,,SAMSUNG
1170,25/11/2021,155,OSASCO,FURTO (ART. 155) - OUTROS,LG
121,12/01/2018,155,SAO PAULO,,SAMSUNG
573,28/01/2019,155,GUARULHOS,FURTO (ART. 155) - RESIDENCIA,SAMSUNG
189,30/11/2018,,SAO PAULO,FURTO (ART. 155) - OUTROS,MOTOROLA
15,25/11/2018,155,SAO PAULO,FURTO (ART. 155) - OUTROS,SAMSUNG
894,31/12/2019,157,SANTO ANDRE,ROUBO (ART. 157) - TRANSEUNTE,SAMSUNG
1172,30/11/2021,155,TABOAO DA SERRA,FURTO (ART. 155) - OUTROS,SAMSUNG
1391,28/02/2021,157,RESTINGA,ROUBO (ART. 157) - VEICULO,ALCATEL
1470,03/01/2021,157,BATATAIS,ROUBO (ART. 157) - CONDOMINIO RESIDENCIAL,XIAOMI
549,02/01/2019,155,SAO PAULO,FURTO (ART. 155) - OUTROS,SAMSUNG
1500,25/02/2021,157,SAO PAULO,ROUBO (ART. 157) - OUTROS,LG
4,16/11/2018,155,SOROCABA,FURTO (ART. 155) - OUTROS,SAMSUNG
210,30/04/2018,,COTIA,ROUBO (ART. 157) - VEICULO,MOTOROLA
1531,28/02/2021,157,SAO PAULO,ROUBO (ART. 157) - OUTROS,MOTOROLA
919,01/01/2020,157,RIBEIRAO PRETO,ROUBO (ART. 157) - VEICULO,SAMSUNG
85,29/11/2018,155,TATUI,,SAMSUNG
884,31/12/2019,157,SAO PAULO,ROUBO (ART. 157) - TRANSEUNTE,SAMSUNG
536,25/12/2018,155,RIBEIRAO PRETO,FURTO (ART. 155) - VEICULO,APPLE
1134,22/08/2020,155,DIADEMA,FURTO (ART. 155) - OUTROS,MOTOROLA
1461,20/01/2021,157,AMERICANA,ROUBO (ART. 157) - TRANSEUNTE,XIAOMI
448,31/01/2019,155,SAO PAULO,FURTO (ART. 155) - OUTROS,XIAOMI
1362,28/02/2021,157,CAMPINAS,A.I.-ROUBO (ART. 157) - VEICULO,XIAOMI
403,30/01/2019,155,SAO PAULO,FURTO (ART. 155) - OUTROS,APPLE
628,09/01/2019,157,SAO PAULO,ROUBO (ART. 157) - OUTROS,SAMSUNG
745,09/01/2019,157,SAO PAULO,ROUBO (ART. 157) - VEICULO,SAMSUNG
1432,28/02/2020,157,TABOAO DA SERRA,ROUBO (ART. 157) - OUTROS,SAMSUNG
715,09/01/2019,157,GUARUJA,ROUBO (ART. 157) - TRANSEUNTE,
368,30/04/2018,157,FRANCO DA ROCHA,ROUBO (ART. 157) - TRANSEUNTE,MOTOROLA
678,30/08/2019,,,ROUBO (ART. 157) - OUTROS,APPLE
767,31/08/2019,157,TABOAO DA SERRA,ROUBO (ART. 157) - OUTROS,MOTOROLA
1169,30/11/2021,155,SAO PAULO,FURTO (ART. 155) - OUTROS,APPLE
1099,27/08/2020,155,SAO CARLOS,FURTO (ART. 155) - OUTROS,MOTOROLA
930,31/12/2019,157,SAO PAULO,ROUBO (ART. 157) - TRANSEUNTE,SAMSUNG
355,30/04/2018,157,ARACARIGUAMA,ROUBO (ART. 157) - VEICULO,SAMSUNG
398,31/01/2019,155,SAO PAULO,FURTO QUALIFICADO (ART. 155) - INTERIOR DE VEICULO,XIAOMI
167,30/11/2018,,SAO PAULO,FURTO (ART. 155) - OUTROS,
1024,29/08/2020,155,SAO PAULO,FURTO (ART. 155) - OUTROS,APPLE
1303,12/01/2021,155,SAO PAULO,FURTO (ART. 155) - OUTROS,MOTOROLA
807,31/12/2019,157,BARUERI,ROUBO (ART. 157) - VEICULO,MOTOROLA
284,30/04/2018,157,RIBEIRAO PRETO,,SAMSUNG
1498,27/02/2021,157,SAO PAULO,ROUBO (ART. 157) - TRANSEUNTE,SAMSUNG
158,12/01/2018,155,ITANHAEM,FURTO QUALIFICADO (ART. 155) - RESIDENCIA,
514,01/02/2019,155,SAO MIGUEL ARCANJO,FURTO (ART. 155) - OUTROS,MOTOROLA
1431,03/01/2021,157,SAO PAULO,ROUBO (ART. 157) - TRANSEUNTE,MOTOROLA
136,12/01/2018,155,SAO PAULO,FURTO (ART. 155) - TRANSEUNTE,
265,30/04/2018,157,SAO PAULO,,APPLE
154,30/11/2018,155,MONGAGUA,FURTO (ART. 155) - OUTROS,
837,31/12/2019,,,,
977,31/08/2020,155,SAO PAULO,FURTO (ART. 155) - OUTROS,SAMSUNG
901,31/12/2019,157,SAO PAULO,ROUBO (ART. 157) - OUTROS,SAMSUNG
804,01/01/2020,157,PRAIA GRANDE,ROUBO (ART. 157) - TRANSEUNTE,ALCATEL
897,01/01/2020,157,SAO PAULO,ROUBO (ART. 157) - TRANSEUNTE,MOTOROLA
263,30/04/2018,157,SAO PAULO,,SONY
1063,09/01/2020,155,BIRIGUI,FURTO (ART. 155) - OUTROS,SAMSUNG
1338,12/01/2021,,,,SAMSUNG
236,30/04/2018,,,,
1031,29/08/2020,155,SAO GERTRUDES,FURTO (ART. 155) - OUTROS,MOTOROLA
303,30/04/2018,157,SAO PAULO,,MOTOROLA
91,30/11/2018,155,SAO PAULO,,APPLE
806,31/12/2019,157,BARUERI,ROUBO (ART. 157) - VEICULO,MOTOROLA
1027,09/01/2020,155,SANTOS,FURTO (ART. 155) - OUTROS,APPLE
1396,23/02/2021,157,SAO PAULO,ROUBO (ART. 157) - TRANSEUNTE,SAMSUNG
434,31/01/2019,155,OSASCO,FURTO (ART. 155) - OUTROS,MOTOROLA
414,30/01/2019,155,SANTO ANDRE,FURTO (ART. 155) - OUTROS,APPLE
815,31/12/2019,157,SANTO ANDRE,ROUBO (ART. 157) - OUTROS,SAMSUNG
179,30/11/2018,,SAO PAULO,FURTO (ART. 155) - OUTROS,SAMSUNG
1510,23/02/2021,157,GUARULHOS,ROUBO (ART. 157) - TRANSEUNTE,MOTOROLA
673,30/08/2019,,,ROUBO (ART. 157) - OUTROS,ASUS
587,31/08/2019,157,SAO PAULO,ROUBO (ART. 157) - VEICULO,ASUS
588,31/08/2019,157,LOUVEIRA,ROUBO (ART. 157) - ESTABELECIMENTO COMERCIAL,MOTOROLA
1110,09/01/2020,155,REGENTE FEIJO,FURTO (ART. 155) - INTERIOR DE VEICULO,SAMSUNG
528,02/01/2019,129,GUARUJA,LESAO CORPORAL (ART. 129),
814,31/12/2019,157,TABOAO DA SERRA,ROUBO (ART. 157) - VEICULO,NOKIA
896,28/12/2019,157,SAO PAULO,ROUBO (ART. 157) - OUTROS,SAMSUNG
1504,26/02/2021,157,SAO PAULO,ROUBO (ART. 157) - TRANSEUNTE,SAMSUNG
1088,09/01/2020,155,SAO PAULO,FURTO (ART. 155) - OUTROS,
24,24/11/2018,155,SAO PAULO,FURTO (ART. 155) - OUTROS,MOTOROLA
253,30/04/2018,157,SAO PAULO,,SAMSUNG
184,30/11/2018,,SAO PAULO,FURTO (ART. 155) - OUTROS,SAMSUNG
55,30/11/2018,155,,FURTO (ART. 155) - TRANSEUNTE,MOTOROLA
1203,28/11/2021,155,SAO JOSE DO RIO PRETO,FURTO (ART. 155) - OUTROS,APPLE
909,01/01/2020,180,SAO PAULO,A.I.-RECEPTACAO (ART. 180) - VEICULO,
1325,12/01/2021,,,,XIAOMI
969,30/08/2020,155,SAO PAULO,FURTO (ART. 155) - OUTROS,MOTOROLA
208,30/04/2018,,SAO PAULO,ROUBO (ART. 157) - TRANSEUNTE,SAMSUNG
706,09/01/2019,157,SAO PAULO,ROUBO (ART. 157) - TRANSEUNTE,MOTOROLA
1280,30/11/2021,155,SAO PAULO,FURTO (ART. 155) - OUTROS,SAMSUNG
857,31/12/2019,157,SAO PAULO,ROUBO (ART. 157) - OUTROS,MOTOROLA
178,23/11/2018,,EMBU DAS ARTES,FURTO (ART. 155) - OUTROS,MOTOROLA
477,15/01/2019,155,SAO PAULO,FURTO (ART. 155) - RESIDENCIA,MOTOROLA
855,24/12/2019,157,SAO PAULO,ROUBO (ART. 157) - TRANSEUNTE,APPLE
1289,27/11/2021,155,SAO PAULO,FURTO (ART. 155) - OUTROS,APPLE
1420,03/01/2021,157,SANTO ANDRE,ROUBO (ART. 157) - OUTROS,APPLE
264,30/04/2018,157,SAO PAULO,,MOTOROLA
205,30/04/2018,,SAO PAULO,ROUBO (ART. 157) - TRANSEUNTE,LG
1324,30/11/2021,,,,SAMSUNG
1163,28/11/2021,155,BARRETOS,FURTO (ART. 155) - OUTROS,SAMSUNG
1220,27/11/2021,155,COTIA,FURTO (ART. 155) - OUTROS,MOTOROLA
1329,12/01/2021,,,,APPLE
914,01/01/2020,157,SAO PAULO,ROUBO (ART. 157) - OUTROS,MOTOROLA
906,01/01/2020,157,ITANHAEM,ROUBO (ART. 157) - OUTROS,SAMSUNG
570,02/01/2019,155,SAO PAULO,FURTO (ART. 155) - OUTROS,ASUS
934,31/12/2019,157,SAO PAULO,ROUBO (ART. 157) - VEICULO,SAMSUNG
704,31/08/2019,157,SAO PAULO,ROUBO (ART. 157) - TRANSEUNTE,SAMSUNG
975,31/08/2020,155,SAO PAULO,FURTO (ART. 155) - OUTROS,APPLE
1084,29/08/2020,155,OSASCO,FURTO (ART. 155) - OUTROS,SAMSUNG
637,30/08/2019,157,SAO PAULO,ROUBO (ART. 157) - OUTROS,LG
582,30/08/2019,157,DIADEMA,ROUBO (ART. 157) - OUTROS,OUTROS
939,31/12/2019,157,SAO PAULO,ROUBO (ART. 157) - OUTROS,MOTOROLA
1211,30/11/2021,155,SANTO ANDRE,FURTO (ART. 155) - OUTROS,MOTOROLA
1252,27/11/2021,155,SAO PAULO,FURTO (ART. 155) - OUTROS,APPLE
356,30/04/2018,157,ARACARIGUAMA,ROUBO (ART. 157) - VEICULO,SAMSUNG
186,30/11/2018,,SAO PAULO,FURTO (ART. 155) - OUTROS,SAMSUNG
330,05/01/2018,157,SANTOS,ROUBO (ART. 157) - OUTROS,SAMSUNG
1090,29/08/2020,147,MOGI MIRIM,AMEACA (ART. 147),
743,31/08/2019,157,SAO PAULO,ROUBO (ART. 157) - INTERIOR DE VEICULO,LENOVO
604,09/01/2019,157,SAO JOSE DOS CAMPOS,ROUBO (ART. 157) - TRANSEUNTE,APPLE
1526,03/01/2021,157,RIBEIRAO PRETO,ROUBO (ART. 157) - OUTROS,SAMSUNG
419,24/01/2019,155,ILHABELA,FURTO (ART. 155) - OUTROS,MOTOROLA
1092,29/08/2020,163,MOGI MIRIM,DANO (ART. 163),
1401,28/02/2021,157,SUZANO,ROUBO (ART. 157) - OUTROS,SAMSUNG
331,05/01/2018,157,SAO PAULO,ROUBO (ART. 157) - VEICULO,OUTROS
886,01/01/2020,157,ITAQUAQUECETUBA,ROUBO (ART. 157) - VEICULO,LG
931,31/12/2019,157,SAO PAULO,ROUBO (ART. 157) - TRANSEUNTE,SAMSUNG
859,31/12/2019,157,GUARULHOS,ROUBO (ART. 157) - VEICULO,LG
1096,31/08/2020,155,SAO PAULO,FURTO (ART. 155) - OUTROS,SAMSUNG
100,12/01/2018,155,SAO PAULO,,MOTOROLA
629,09/01/2019,157,SAO PAULO,ROUBO (ART. 157) - OUTROS,XIAOMI
709,31/08/2019,157,SAO PAULO,ROUBO (ART. 157) - OUTROS,
1392,28/02/2021,157,RESTINGA,ROUBO (ART. 157) - VEICULO,MOTOROLA
875,31/12/2019,157,SUZANO,ROUBO (ART. 157) - VEICULO,SAMSUNG
72,12/01/2018,155,,,SAMSUNG
597,30/08/2019,157,SAO PAULO,ROUBO (ART. 157) - TRANSEUNTE,APPLE
81,12/01/2018,155,SANTANA DE PARNAIBA,,LG
1056,09/01/2020,155,GUARATINGUETA,FURTO (ART. 155) - OUTROS,MOTOROLA
215,30/04/2018,,SAO PAULO,A.I.-ROUBO (ART. 157) - VEICULO,SAMSUNG
624,31/08/2019,157,SANTO ANDRE,ROUBO (ART. 157) - OUTROS,LG
1400,25/02/2021,157,CARAPICUIBA,ROUBO (ART. 157) - OUTROS,LG
655,30/08/2019,157,SAO PAULO,ROUBO (ART. 157) - TRANSEUNTE,MOTOROLA
238,30/04/2018,,,,
674,31/08/2019,,,ROUBO (ART. 157) - OUTROS,MOTOROLA
648,30/08/2019,157,CARAPICUIBA,ROUBO (ART. 157) - OUTROS,MOTOROLA
770,09/01/2019,157,CAMPINAS,ROUBO (ART. 157) - OUTROS,MOTOROLA
1484,28/02/2021,157,,,MOTOROLA
23,30/11/2018,155,SAO PAULO,FURTO (ART. 155) - OUTROS,SAMSUNG
447,02/01/2019,155,SAO PAULO,FURTO (ART. 155) - OUTROS,SAMSUNG
944,01/01/2020,157,SANTOS,ROUBO (ART. 157) - TRANSEUNTE,APPLE
101,30/11/2018,155,SAO PAULO,,APPLE
46,30/11/2018,155,,FURTO (ART. 155) - OUTROS,MOTOROLA
795,31/12/2019,157,SAO PAULO,ROUBO (ART. 157) - INTERIOR TRANSPORTE COLETIVO,SAMSUNG
1443,03/01/2021,157,SAO PAULO,ROUBO (ART. 157) - OUTROS,MOTOROLA
317,05/01/2018,157,VOTUPORANGA,ROUBO (ART. 157) - TRANSEUNTE,BLU
1138,29/08/2020,155,SAO PAULO,FURTO QUALIFICADO (ART. 155) - ESTABELECIMENTO ENSINO,MULTILASER
357,30/04/2018,157,ARACARIGUAMA,ROUBO (ART. 157) - VEICULO,SAMSUNG
787,31/12/2019,157,,,MOTOROLA
564,31/01/2019,155,SAO PAULO,FURTO (ART. 155) - INTERIOR DE VEICULO,APPLE
952,31/12/2019,157,GUARULHOS,ROUBO (ART. 157) - VEICULO,ASUS
662,31/08/2019,157,SAO PAULO,ROUBO (ART. 157) - INTERIOR DE VEICULO,SAMSUNG
1497,03/01/2021,157,SAO PAULO,ROUBO (ART. 157) - OUTROS,SAMSUNG
1468,03/01/2021,157,SAO PAULO,ROUBO (ART. 157) - OUTROS,MOTOROLA
1416,03/01/2021,157,SAO PAULO,ROUBO (ART. 157) - OUTROS,MOTOROLA
683,09/01/2019,,,ROUBO (ART. 157) - OUTROS,LG
1341,12/01/2021,155,SAO PAULO,FURTO (ART. 155) - OUTROS,
1377,28/02/2021,157,SAO PAULO,ROUBO (ART. 157) - INTERIOR DE VEICULO,SAMSUNG
1067,30/08/2020,155,UBATUBA,FURTO (ART. 155) - OUTROS,MOTOROLA
119,30/11/2018,155,SAO PAULO,,SAMSUNG
964,31/08/2020,155,SAO PAULO,FURTO (ART. 155) - OUTROS,SAMSUNG
780,31/12/2019,157,,,XIAOMI
988,31/08/2020,155,SAO PAULO,FURTO (ART. 155) - OUTROS,SAMSUNG
1002,31/08/2020,155,SAO PAULO,FURTO (ART. 155) - OUTROS,MOTOROLA
43,16/10/2018,155,,FURTO (ART. 155) - OUTROS,MOTOROLA
941,30/12/2019,157,MAUA,ROUBO (ART. 157) - TRANSEUNTE,SAMSUNG
659,31/08/2019,157,SAO PAULO,ROUBO (ART. 157) - TRANSEUNTE,MOTOROLA
1147,31/08/2020,155,BARUERI,FURTO (ART. 155) - INTERIOR ESTABELECIMENTO,ASUS
408,31/01/2019,155,SAO PAULO,FURTO (ART. 155) - OUTROS,MOTOROLA
435,31/01/2019,155,SAO PAULO,FURTO (ART. 155) - OUTROS,SAMSUNG
1206,28/11/2021,155,SAO PAULO,FURTO (ART. 155) - OUTROS,APPLE
1266,30/11/2021,155,SAO PAULO,FURTO (ART. 155) - OUTROS,XIAOMI
1474,27/02/2021,157,,,
328,30/04/2018,157,DIADEMA,ROUBO (ART. 157) - VEICULO,SAMSUNG
1029,31/08/2020,155,SUZANO,FURTO (ART. 155) - OUTROS,XIAOMI
1166,29/11/2021,155,MAUA,FURTO (ART. 155) - OUTROS,XIAOMI
243,30/04/2018,,,,
225,30/04/2018,,,,
1006,08/10/2020,155,SAO PAULO,FURTO (ART. 155) - OUTROS,SAMSUNG
1264,28/11/2021,155,JAGUARIUNA,FURTO (ART. 155) - OUTROS,MOTOROLA
794,31/12/2019,157,SAO PAULO,ROUBO (ART. 157) - INTERIOR TRANSPORTE COLETIVO,MOTOROLA
1290,30/11/2021,155,ARUJA,FURTO (ART. 155) - OUTROS,ALCATEL
813,01/01/2020,157,UBATUBA,ROUBO (ART. 157) - TRANSEUNTE,SAMSUNG
483,30/01/2019,155,GUARUJA,FURTO (ART. 155) - VEICULO,MOTOROLA
1453,28/02/2021,157,SAO PAULO,ROUBO (ART. 157) - TRANSEUNTE,SAMSUNG
529,02/01/2019,155,GUARUJA,FURTO (ART. 155) - OUTROS,SAMSUNG
1361,28/02/2021,157,CAMPINAS,A.I.-ROUBO (ART. 157) - VEICULO,XIAOMI
229,30/04/2018,,,,
1277,30/11/2021,155,SAO PAULO,FURTO (ART. 155) - OUTROS,MOTOROLA
385,31/01/2019,155,SAO PAULO,FURTO (ART. 155) - OUTROS,SAMSUNG
700,09/01/2019,,,ROUBO (ART. 157) - INTERIOR DE VEICULO,SAMSUNG
98,28/11/2018,155,MARILIA,,OUTROS
638,31/08/2019,157,COTIA,ROUBO (ART. 157) - OUTROS,MOTOROLA
341,05/01/2018,157,SOROCABA,ROUBO (ART. 157) - TRANSEUNTE,SAMSUNG
1336,12/01/2021,,,,SAMSUNG
895,31/12/2019,157,OSASCO,ROUBO (ART. 157) - TRANSEUNTE,MOTOROLA
1207,30/11/2021,155,SAO PAULO,FURTO (ART. 155) - OUTROS,SAMSUNG
1107,29/08/2020,155,RIBEIRAO PRETO,FURTO (ART. 155) - OUTROS,MOTOROLA
1128,14/08/2020,155,SAO PAULO,FURTO (ART. 155) - OUTROS,SAMSUNG
316,05/01/2018,157,SAO PAULO,ROUBO (ART. 157) - TRANSEUNTE,SAMSUNG
345,05/01/2018,157,SAO PAULO,ROUBO (ART. 157) - VEICULO,SAMSUNG
617,09/01/2019,157,SAO PAULO,ROUBO (ART. 157) - TRANSEUNTE,MOTOROLA
1263,11/01/2021,155,GUARULHOS,FURTO (ART. 155) - OUTROS,APPLE
503,02/01/2019,155,SAO PAULO,FURTO (ART. 155) - OUTROS,LENOVO
1433,25/02/2021,147,LINS,AMEACA (ART. 147),
462,31/01/2019,155,SAO PAULO,FURTO (ART. 155) - OUTROS,OUTROS
500,26/01/2019,155,SAO PAULO,FURTO QUALIFICADO (ART. 155) - INTERIOR TRANSPORTE COLETIVO,SAMSUNG
329,05/01/2018,157,SANTOS,ROUBO (ART. 157) - OUTROS,MOTOROLA
1410,03/01/2021,157,SAO PAULO,ROUBO (ART. 157) - OUTROS,MOTOROLA
990,29/08/2020,155,SAO PAULO,FURTO (ART. 155) - OUTROS,SAMSUNG
487,31/01/2019,155,TAUBATE,FURTO (ART. 155) - RESIDENCIA,SAMSUNG
524,26/01/2019,155,IPORANGA,FURTO (ART. 155) - OUTROS,OUTROS
1527,28/02/2021,157,SAO PAULO,ROUBO (ART. 157) - VEICULO,APPLE
771,09/01/2019,157,SAO PAULO,ROUBO (ART. 157) - OUTROS,SAMSUNG
256,30/04/2018,157,SAO PAULO,,APPLE
1249,30/11/2021,155,SAO PAULO,FURTO (ART. 155) - OUTROS,SAMSUNG
464,31/01/2019,155,SAO PAULO,FURTO (ART. 155) - OUTROS,SAMSUNG
568,26/01/2019,155,SAO BERNARDO DO CAMPO,FURTO (ART. 155) - OUTROS,SAMSUNG
1402,03/01/2021,157,SAO PAULO,ROUBO (ART. 157) - OUTROS,MOTOROLA
110,30/11/2018,155,ITU,,MOTOROLA
148,12/01/2018,155,APARECIDA,FURTO (ART. 155) - OUTROS,
79,30/11/2018,155,SAO PAULO,,OUTROS
559,01/01/2019,155,GUARACI,FURTO (ART. 155) - TRANSEUNTE,SAMSUNG
1103,31/08/2020,155,SAO PAULO,FURTO (ART. 155) - OUTROS,MOTOROLA
1284,30/11/2021,155,SAO BERNARDO DO CAMPO,FURTO (ART. 155) - OUTROS,SAMSUNG
1121,25/08/2020,155,SAO BERNARDO DO CAMPO,FURTO (ART. 155) - OUTROS,MOTOROLA
1298,29/11/2021,155,SAO CAETANO DO SUL,FURTO (ART. 155) - INTERIOR ESTABELECIMENTO,SAMSUNG
853,01/01/2020,157,GUARUJA,ROUBO (ART. 157) - TRANSEUNTE,APPLE
1460,03/01/2021,157,SAO PAULO,ROUBO (ART. 157) - OUTROS,SAMSUNG
644,31/08/2019,157,JOSE BONIFACIO,ROUBO (ART. 157) - OUTROS,MOTOROLA
134,30/11/2018,155,SAO PAULO,,
600,31/08/2019,329,CARAPICUIBA,RESISTENCIA (ART. 329),
373,30/04/2018,157,PIRACICABA,ROUBO (ART. 157) - VEICULO,SAMSUNG
796,31/12/2019,157,SAO PAULO,ROUBO (ART. 157) - VEICULO,SAMSUNG
541,02/01/2019,155,SERTAOZINHO,FURTO (ART. 155) - INTERIOR DE VEICULO,MOTOROLA
1449,03/01/2021,157,SANTOS,ROUBO (ART. 157) - TRANSEUNTE,OUTROS
388,31/01/2019,155,SAO PAULO,FURTO (ART. 155) - OUTROS,MOTOROLA
473,31/01/2019,155,SAO BERNARDO DO CAMPO,FURTO (ART. 155) - INTERIOR TRANSPORTE COLETIVO,MOTOROLA
805,01/01/2020,157,PRAIA GRANDE,ROUBO (ART. 157) - TRANSEUNTE,SAMSUNG
552,30/01/2019,155,SOROCABA,FURTO (ART. 155) - OUTROS,SAMSUNG
625,30/08/2019,157,EMBU DAS ARTES,ROUBO (ART. 157) - OUTROS,SAMSUNG
874,31/12/2019,157,SUZANO,ROUBO (ART. 157) - VEICULO,MICROSOFT
699,31/08/2019,,,ROUBO (ART. 157) - OUTROS,SAMSUNG
945,01/01/2020,157,SANTO ANDRE,ROUBO (ART. 157) - OUTROS,SAMSUNG
507,31/01/2019,155,CAMPINAS,FURTO (ART. 155) - OUTROS,MOTOROLA
712,09/01/2019,157,SANTA ISABEL,ROUBO (ART. 157) - TRANSEUNTE,
1300,12/01/2021,155,SAO PAULO,FURTO (ART. 155) - OUTROS,XIAOMI
608,17/08/2019,157,SAO PAULO,ROUBO (ART. 157) - INTERIOR DE VEICULO,SAMSUNG
221,30/04/2018,,,,
219,30/04/2018,,SAO PAULO,A.I.-ROUBO (ART. 157) - TRANSEUNTE,OUTROS
1192,30/11/2021,155,SAO PAULO,FURTO (ART. 155) - OUTROS,SAMSUNG
324,30/04/2018,157,SAO PAULO,ROUBO (ART. 157) - INTERIOR DE VEICULO,SAMSUNG
1507,26/02/2021,157,SAO JOSE DOS CAMPOS,ROUBO (ART. 157) - TRANSEUNTE,MOTOROLA
1136,31/08/2020,155,SAO PAULO,FURTO (ART. 155) - TRANSEUNTE,ASUS
165,30/11/2018,155,SAO PAULO,FURTO (ART. 155) - OUTROS,
440,19/01/2019,155,SAO PAULO,FURTO (ART. 155) - OUTROS,SAMSUNG
825,01/01/2020,157,GUARUJA,ROUBO (ART. 157) - TRANSEUNTE,APPLE
1439,28/02/2021,157,SAO PAULO,ROUBO (ART. 157) - INTERIOR DE VEICULO,APPLE
880,31/12/2019,157,POA,ROUBO (ART. 157) - VEICULO,SAMSUNG
107,12/01/2018,155,PRESIDENTE PRUDENTE,,
201,30/04/2018,,OSASCO,ROUBO (ART. 157) - OUTROS,SAMSUNG
310,05/01/2018,157,TABOAO DA SERRA,,SAMSUNG
309,04/01/2018,157,SAO BERNARDO DO CAMPO,,SAMSUNG
820,01/01/2020,157,UBATUBA,ROUBO (ART. 157) - TRANSEUNTE,SAMSUNG
1445,03/01/2021,157,FERRAZ DE VASCONCELOS,ROUBO (ART. 157) - OUTROS,ASUS
695,31/08/2019,,,ROUBO (ART. 157) - OUTROS,SAMSUNG
567,26/01/2019,155,ILHABELA,FURTO (ART. 155) - OUTROS,SAMSUNG
76,30/11/2018,155,,,SAMSUNG
137,12/01/2018,155,JALES,FURTO (ART. 155) - INTERIOR ESTABELECIMENTO,
92,30/11/2018,155,AVANHANDAVA,,SAMSUNG
689,09/01/2019,,,ROUBO (ART. 157) - OUTROS,SAMSUNG
1310,30/11/2021,155,SAO PAULO,FURTO QUALIFICADO (ART. 155) - INTERIOR DE VEICULO,APPLE
1450,28/02/2021,157,SAO PAULO,ROUBO (ART. 157) - OUTROS,SAMSUNG
73,29/11/2018,155,,,MOTOROLA
543,02/01/2019,155,BARRINHA,FURTO (ART. 155) - RESIDENCIA,SAMSUNG
56,12/01/2018,155,,FURTO (ART. 155) - TRANSEUNTE,ASUS
544,27/01/2019,155,SAO PAULO,FURTO (ART. 155) - INTERIOR ESTABELECIMENTO,APPLE
1452,28/02/2021,157,SAO PAULO,ROUBO (ART. 157) - OUTROS,LG
16,30/11/2018,155,SAO BERNARDO DO CAMPO,FURTO (ART. 155) - OUTROS,SAMSUNG
1412,03/01/2021,157,SAO PAULO,ROUBO (ART. 157) - OUTROS,SAMSUNG
344,05/01/2018,157,SAO PAULO,ROUBO (ART. 157) - VEICULO,ASUS
275,30/04/2018,157,CAMPINAS,,IPHONE
162,30/11/2018,155,SAO PAULO,FURTO (ART. 155) - OUTROS,
1162,29/11/2021,155,OSASCO,FURTO (ART. 155) - OUTROS,SAMSUNG
713,30/08/2019,157,PIRACICABA,ROUBO (ART. 157) - VEICULO,
1353,28/02/2021,157,SAO PAULO,ROUBO (ART. 157) - OUTROS,ASUS
955,31/08/2020,155,SAO PAULO,FURTO (ART. 155) - OUTROS,MOTOROLA
612,30/08/2019,157,SAO PAULO,ROUBO (ART. 157) - OUTROS,APPLE
1356,28/02/2021,157,GUARUJA,ROUBO (ART. 157) - VEICULO,SAMSUNG
1422,03/01/2021,157,SAO PAULO,ROUBO (ART. 157) - OUTROS,SAMSUNG
375,05/01/2018,157,HORTOLANDIA,ROUBO (ART. 157) - TRANSEUNTE,SAMSUNG
797,28/12/2019,157,SAO PAULO,ROUBO (ART. 157) - OUTROS,MOTOROLA
606,31/08/2019,157,COTIA,ROUBO (ART. 157) - VEICULO,MOTOROLA
311,30/04/2018,157,SAO PAULO,,MOTOROLA
940,01/01/2020,157,PRAIA GRANDE,ROUBO (ART. 157) - OUTROS,SAMSUNG
1182,16/11/2021,155,SAO PAULO,FURTO (ART. 155) - OUTROS,SAMSUNG
358,29/04/2018,157,SAO PAULO,ROUBO (ART. 157) - TRANSEUNTE,SAMSUNG
74,30/11/2018,155,,,MOTOROLA
973,29/08/2020,147,SAO PAULO,AMEACA (ART. 147),
452,31/01/2019,155,SAO PAULO,FURTO (ART. 155) - OUTROS,APPLE
248,30/04/2018,157,SAO PAULO,,SAMSUNG
64,28/11/2018,155,,FURTO (ART. 155) - INTERIOR ESTABELECIMENTO,MOTOROLA
1008,20/08/2020,155,SAO PAULO,FURTO (ART. 155) - OUTROS,ASUS
496,30/01/2019,155,CAJATI,FURTO (ART. 155) - ESTABELECIMENTO COMERCIAL,MOTOROLA
542,30/01/2019,155,ILHA SOLTEIRA,FURTO (ART. 155) - OUTROS,MOTOROLA
12,30/11/2018,157,PIRAJUI,ROUBO (ART. 157) - TRANSEUNTE,SAMSUNG
998,29/08/2020,155,SAO PAULO,FURTO (ART. 155) - OUTROS,XIAOMI
1161,30/11/2021,155,SAO PAULO,FURTO (ART. 155) - OUTROS,MOTOROLA
621,31/08/2019,157,SAO PAULO,ROUBO (ART. 157) - OUTROS,MOTOROLA
1344,30/11/2021,155,CAMPINAS,FURTO (ART. 155) - OUTROS,MOTOROLA
942,31/12/2019,157,SAO PAULO,ROUBO (ART. 157) - RESIDENCIA,SAMSUNG
44,30/11/2018,155,,FURTO (ART. 155) - OUTROS,SAMSUNG
827,01/01/2020,,,,
176,12/01/2018,,ARARAS,FURTO (ART. 155) - TRANSEUNTE,MOTOROLA
84,30/11/2018,155,SAO PAULO,,SAMSUNG
501,30/01/2019,155,SANTO ANDRE,FURTO (ART. 155) - OUTROS,MOTOROLA
1140,09/01/2020,155,PEDERNEIRAS,FURTO (ART. 155) - OUTROS,SAMSUNG
267,30/04/2018,157,TABOAO DA SERRA,,APPLE
799,31/12/2019,157,OSASCO,ROUBO (ART. 157) - OUTROS,MOTOROLA
1048,28/08/2020,155,SAO PAULO,FURTO (ART. 155) - OUTROS,SAMSUNG
957,31/08/2020,155,SAO PAULO,FURTO (ART. 155) - OUTROS,APPLE
1256,30/11/2021,155,SAO PAULO,FURTO (ART. 155) - OUTROS,APPLE
932,31/12/2019,157,SANTO ANDRE,ROUBO (ART. 157) - RESIDENCIA,SAMSUNG
61,12/01/2018,155,,FURTO QUALIFICADO (ART. 155) - ESTABELECIMENTO COMERCIAL,SAMSUNG
53,29/11/2018,155,,FURTO (ART. 155) - OUTROS,APPLE
312,05/01/2018,157,SAO PAULO,,SAMSUNG
1505,28/02/2021,157,SAO PAULO,ROUBO (ART. 157) - TRANSEUNTE,MOTOROLA
425,30/01/2019,155,ASSIS,FURTO QUALIFICADO (ART. 155) - RESIDENCIA,APPLE
35,30/11/2018,155,CAIEIRAS,FURTO (ART. 155) - OUTROS,SAMSUNG
937,31/12/2019,157,MONGAGUA,ROUBO (ART. 157) - OUTROS,SAMSUNG
456,21/01/2019,155,SAO PAULO,FURTO (ART. 155) - OUTROS,SAMSUNG
538,25/12/2018,155,RIBEIRAO PRETO,FURTO QUALIFICADO (ART. 155) - RESIDENCIA,APPLE
144,29/11/2018,155,SAO PAULO,FURTO (ART. 155) - OUTROS,
1530,03/01/2021,157,SAO PAULO,ROUBO (ART. 157) - OUTROS,MOTOROLA
260,30/04/2018,157,SAO PAULO,,APPLE
1150,31/08/2020,155,BARUERI,FURTO (ART. 155) - INTERIOR ESTABELECIMENTO,SAMSUNG
848,01/01/2020,157,SAO PAULO,ROUBO (ART. 157) - TRANSEUNTE,MOTOROLA
1437,28/02/2021,157,SAO PAULO,ROUBO (ART. 157) - TRANSEUNTE,OUTROS
1191,30/11/2021,155,SAO PAULO,FURTO (ART. 155) - OUTROS,MOTOROLA
1212,30/11/2021,155,SAO JOSE DO RIO PRETO,FURTO (ART. 155) - OUTROS,APPLE
516,31/01/2019,155,OSASCO,FURTO (ART. 155) - OUTROS,SAMSUNG
763,31/08/2019,157,SAO PAULO,ROUBO (ART. 157) - OUTROS,ASUS
1156,30/11/2021,155,SAO PAULO,FURTO (ART. 155) - OUTROS,APPLE
687,31/08/2019,,,ROUBO (ART. 157) - TRANSEUNTE,MOTOROLA
523,31/01/2019,155,JAGUARIUNA,FURTO (ART. 155) - OUTROS,ALCATEL
1305,28/11/2021,155,SAO PAULO,FURTO (ART. 155) - OUTROS,SAMSUNG
1223,30/11/2021,155,SAO PAULO,FURTO (ART. 155) - TRANSEUNTE,MOTOROLA
858,01/01/2020,157,SAO PAULO,ROUBO (ART. 157) - TRANSEUNTE,SAMSUNG
936,01/01/2020,157,SANTOS,ROUBO (ART. 157) - OUTROS,OUTROS
48,29/11/2018,155,,FURTO (ART. 155) - OUTROS,SAMSUNG
9,30/11/2018,155,PIRAJUI,FURTO (ART. 155) - TRANSEUNTE,MOTOROLA
1194,30/11/2021,155,SAO PAULO,FURTO (ART. 155) - OUTROS,MOTOROLA
1494,25/02/2021,157,SAO PAULO,ROUBO (ART. 157) - VEICULO,LG
484,31/01/2019,155,SAO PAULO,FURTO (ART. 155) - OUTROS,APPLE
1070,29/08/2020,155,ITAQUAQUECETUBA,FURTO (ART. 155) - OUTROS,MOTOROLA
605,31/08/2019,157,COTIA,ROUBO (ART. 157) - VEICULO,MOTOROLA
933,31/12/2019,157,SAO PAULO,ROUBO (ART. 157) - OUTROS,OUTROS
1288,30/11/2021,155,SAO PAULO,FURTO (ART. 155) - OUTROS,SAMSUNG
382,17/01/2019,155,SAO PAULO,FURTO (ART. 155) - TRANSEUNTE,MOTOROLA
526,02/01/2019,155,SAO PAULO,FURTO (ART. 155) - INTERIOR TRANSPORTE COLETIVO,SAMSUNG
246,30/04/2018,157,SAO PAULO,,LG
291,05/01/2018,157,EMBU-GUACU,,CUBOT
566,02/01/2019,155,ILHA COMPRIDA,FURTO (ART. 155) - OUTROS,LG
94,30/11/2018,155,SAO PAULO,,SAMSUNG
199,29/11/2018,,ITAPECERICA DA SERRA,FURTO QUALIFICADO (ART. 155) - RESIDENCIA,MOTOROLA
1094,29/08/2020,155,CAPAO BONITO,FURTO (ART. 155) - OUTROS,OUTROS
26,26/11/2018,155,SAO PAULO,FURTO (ART. 155) - OUTROS,APPLE
779,31/12/2019,157,,,APPLE
845,01/01/2020,,,,
1296,28/11/2021,155,OSASCO,FURTO (ART. 155) - OUTROS,SAMSUNG
693,31/08/2019,,,ROUBO (ART. 157) - OUTROS,APPLE
394,31/01/2019,155,SAO PAULO,FURTO (ART. 155) - OUTROS,MOTOROLA
1442,25/02/2021,157,ITANHAEM,ROUBO (ART. 157) - INTERIOR ESTABELECIMENTO,MOTOROLA
1238,30/11/2021,155,SAO PAULO,FURTO (ART. 155) - OUTROS,SAMSUNG
594,31/08/2019,157,SAO PAULO,ROUBO (ART. 157) - OUTROS,SAMSUNG
468,31/01/2019,155,SAO PAULO,FURTO (ART. 155) - OUTROS,MOTOROLA
117,12/01/2018,147,SAO JOAQUIM DA BARRA,,
1335,26/11/2021,,,,SAMSUNG
672,09/01/2019,,,ROUBO (ART. 157) - TRANSEUNTE,SAMSUNG
343,30/04/2018,157,DIADEMA,ROUBO (ART. 157) - INTERIOR DE VEICULO,SAMSUNG
888,01/01/2020,157,ARACATUBA,ROUBO (ART. 157) - OUTROS,SAMSUNG
701,30/08/2019,157,SAO PAULO,ROUBO (ART. 157) - TRANSEUNTE,MOTOROLA
882,31/12/2019,157,SAO PAULO,ROUBO (ART. 157) - TRANSEUNTE,APPLE
1488,03/01/2021,157,BATATAIS,ROUBO (ART. 157) - CONDOMINIO RESIDENCIAL,XIAOMI
454,31/01/2019,155,SAO PAULO,FURTO (ART. 155) - OUTROS,APPLE
1466,25/02/2021,157,SAO PAULO,ROUBO (ART. 157) - TRANSEUNTE,LG
602,31/08/2019,157,OSASCO,ROUBO (ART. 157) - INTERIOR DE VEICULO,MOTOROLA
1104,31/08/2020,155,SAO PAULO,FURTO QUALIFICADO (ART. 155) - INTERIOR ESTABELECIMENTO,SAMSUNG
1373,28/02/2021,157,SAO PAULO,ROUBO (ART. 157) - TRANSEUNTE,SAMSUNG
1471,28/02/2021,157,,,LG
563,30/01/2019,155,TUPA,FURTO (ART. 155) - RESIDENCIA,NOKIA
1145,31/08/2020,155,CAMPINAS,FURTO (ART. 155) - OUTROS,APPLE
531,31/01/2019,155,BRAGANCA PAULISTA,FURTO (ART. 155) - OUTROS,MOTOROLA
1321,12/01/2021,,,,APPLE
947,01/01/2020,157,GUARUJA,ROUBO (ART. 157) - OUTROS,SAMSUNG
460,31/01/2018,155,SAO PAULO,FURTO (ART. 155) - OUTROS,APPLE
1262,30/11/2021,155,CAMPINAS,FURTO (ART. 155) - OUTROS,XIAOMI
1244,27/11/2021,155,SAO PAULO,FURTO (ART. 155) - OUTROS,SAMSUNG
1332,30/11/2021,,,,SAMSUNG
174,30/11/2018,,IBITINGA,FURTO (ART. 155) - TRANSEUNTE,MOTOROLA
1013,31/08/2020,155,SAO PAULO,FURTO (ART. 155) - OUTROS,APPLE
1124,28/08/2020,155,SAO PAULO,FURTO (ART. 155) - OUTROS,MOTOROLA
314,05/01/2018,157,SAO PAULO,,SAMSUNG
241,30/04/2018,,,,
159,29/11/2018,155,SAO PAULO,FURTO (ART. 155) - COLETIVO,
206,30/04/2018,,SAO PAULO,ROUBO (ART. 157) - TRANSEUNTE,MOTOROLA
927,01/01/2020,157,SAO PAULO,ROUBO (ART. 157) - TRANSEUNTE,MOTOROLA
1506,28/02/2021,157,ITAQUAQUECETUBA,ROUBO (ART. 157) - VEICULO,SAMSUNG
801,31/12/2019,157,TAUBATE,ROUBO (ART. 157) - TRANSEUNTE,SAMSUNG
824,01/01/2010,157,SAO PAULO,ROUBO (ART. 157) - VEICULO,SAMSUNG
124,30/11/2018,155,SAO JOSE DOS CAMPOS,,SAMSUNG
1185,30/11/2021,155,SAO PAULO,FURTO QUALIFICADO (ART. 155) - INTERIOR DE VEICULO,APPLE
555,31/01/2019,155,SAO BERNARDO DO CAMPO,FURTO (ART. 155) - INTERIOR ESTABELECIMENTO,SAMSUNG
1517,25/02/2021,157,SAO PAULO,ROUBO (ART. 157) - OUTROS,LG
337,05/01/2018,157,SAO PAULO,ROUBO (ART. 157) - TRANSEUNTE,MOTOROLA
1050,13/08/2020,155,VOTUPORANGA,FURTO (ART. 155) - OUTROS,MOTOROLA
760,31/08/2019,157,VINHEDO,ROUBO (ART. 157) - TRANSEUNTE,SAMSUNG
599,31/08/2019,157,CARAPICUIBA,ROUBO (ART. 157) - INTERIOR ESTABELECIMENTO,SAMSUNG
212,30/04/2018,,SAO PAULO,ROUBO (ART. 157) - VEICULO,MOTOROLA
432,31/01/2019,155,SAO PAULO,FURTO (ART. 155) - OUTROS,APPLE
1435,03/01/2021,157,SAO PAULO,ROUBO (ART. 157) - TRANSEUNTE,MOTOROLA
1004,31/08/2020,155,FRANCISCO MORATO,FURTO (ART. 155) - TRANSEUNTE,SAMSUNG
974,29/08/2020,155,SAO PAULO,FURTO (ART. 155) - OUTROS,
1158,30/11/2021,155,SAO PAULO,FURTO QUALIFICADO (ART. 155) - INTERIOR DE VEICULO,APPLE
739,09/01/2019,157,GUARULHOS,ROUBO (ART. 157) - OUTROS,
118,12/01/2018,155,SAO JOAQUIM DA BARRA,,LENOVO
812,01/01/2020,157,COTIA,ROUBO (ART. 157) - VEICULO,MOTOROLA
1327,12/01/2021,,,,MOTOROLA
682,31/08/2019,,,ROUBO (ART. 157) - OUTROS,APPLE
738,31/08/2019,157,DIADEMA,ROUBO (ART. 157) - OUTROS,
1152,09/01/2020,155,SAO PAULO,FURTO (ART. 155) - OUTROS,SAMSUNG
1135,31/08/2020,155,SAO PAULO,FURTO (ART. 155) - OUTROS,MOTOROLA
1173,24/11/2021,155,SAO PAULO,FURTO (ART. 155) - OUTROS,ASUS
1234,09/01/2021,147,SAO PAULO,AMEACA (ART. 147),
1260,30/11/2021,155,SAO JOSE DOS CAMPOS,FURTO (ART. 155) - OUTROS,SAMSUNG
19,12/01/2018,155,SAO PAULO,FURTO (ART. 155) - INTERIOR DE VEICULO,SAMSUNG
958,27/08/2020,155,SAO PAULO,FURTO (ART. 155) - OUTROS,MOTOROLA
1411,03/01/2021,157,CARAPICUIBA,ROUBO (ART. 157) - OUTROS,SONY
654,30/08/2019,157,COTIA,ROUBO (ART. 157) - TRANSEUNTE,MOTOROLA
1071,09/01/2020,155,SAO BERNARDO DO CAMPO,FURTO (ART. 155) - OUTROS,MOTOROLA
1520,28/02/2021,157,JUNDIAI,ROUBO (ART. 157) - TRANSEUNTE,SAMSUNG
885,31/12/2019,157,SAO PAULO,ROUBO (ART. 157) - TRANSEUNTE,SAMSUNG
438,29/01/2019,155,SAO PAULO,FURTO (ART. 155) - OUTROS,MOTOROLA
360,29/04/2018,157,GUARULHOS,ROUBO (ART. 157) - INTERIOR DE VEICULO,SAMSUNG
202,29/04/2018,,SAO PAULO,ROUBO (ART. 157) - OUTROS,LENOVO
850,31/12/2019,157,SAO PAULO,ROUBO (ART. 157) - OUTROS,XIAOMI
509,02/01/2019,155,SAO PAULO,FURTO (ART. 155) - OUTROS,SAMSUNG
890,01/01/2020,157,MONGAGUA,ROUBO (ART. 157) - TRANSEUNTE,SAMSUNG
904,01/01/2020,157,SAO PAULO,ROUBO (ART. 157) - OUTROS,MOTOROLA
443,02/01/2019,155,MARILIA,FURTO QUALIFICADO (ART. 155) - ESTABELECIMENTO COMERCIAL,OUTROS
1462,28/02/2021,157,SAO PAULO,ROUBO (ART. 157) - OUTROS,ASUS
413,30/01/2019,155,SAO PAULO,FURTO (ART. 155) - OUTROS,MOTOROLA
1213,30/11/2021,155,SAO PAULO,FURTO (ART. 155) - OUTROS,MOTOROLA
1523,03/01/2021,157,SAO PAULO,A.I.-ROUBO (ART. 157) - OUTROS,APPLE
113,30/11/2018,155,SAO PAULO,,MOTOROLA
465,31/01/2019,155,SAO PAULO,FURTO (ART. 155) - OUTROS,MOTOROLA
1009,31/08/2020,155,SAO PAULO,FURTO (ART. 155) - OUTROS,MOTOROLA
1210,30/11/2021,155,SAO PAULO,FURTO (ART. 155) - OUTROS,SAMSUNG
645,31/08/2019,157,MOGI DAS CRUZES,ROUBO (ART. 157) - OUTROS,APPLE
1000,29/08/2020,155,SAO PAULO,FURTO (ART. 155) - OUTROS,SAMSUNG
105,30/11/2018,155,SAO PAULO,,APPLE
489,31/01/2019,155,SAO PAULO,FURTO (ART. 155) - OUTROS,SAMSUNG
1330,12/01/2021,,,,NOKIA
778,31/12/2019,158,,,
622,31/08/2019,129,ARTUR NOGUEIRA,LESAO CORPORAL (ART. 129),
506,30/01/2019,155,SANTO ANDRE,FURTO QUALIFICADO (ART. 155) - RESIDENCIA,SAMSUNG
720,31/08/2019,157,ITAQUAQUECETUBA,ROUBO (ART. 157) - TRANSEUNTE,
1502,03/01/2021,157,SAO PAULO,ROUBO (ART. 157) - INTERIOR DE VEICULO,SAMSUNG
390,31/01/2019,155,SAO PAULO,FURTO (ART. 155) - OUTROS,ASUS
521,30/01/2019,155,SAO PAULO,FURTO (ART. 155) - OUTROS,APPLE
1451,28/02/2021,157,SAO PAULO,ROUBO (ART. 157) - TRANSEUNTE,APPLE
152,30/11/2018,155,SAO PAULO,FURTO (ART. 155) - OUTROS,
803,31/12/2019,157,DIADEMA,ROUBO (ART. 157) - VEICULO,LG
1367,28/02/2021,157,CAMPINAS,ROUBO (ART. 157) - VEICULO,XIAOMI

